transaction_id,customer_age,account_age_days,transaction_amount,hour_of_day,day_of_week,merchant_category,transaction_type,channel,international,country_match,device_trusted,previous_failed_attempts,transactions_last_24h,avg_amount_30d,amount_to_avg_ratio,distance_from_home_km,card_present,is_fraud
TXN000001,43,565,8.75,23,Saturday,grocery,purchase,mobile_app,0,1,0,1,9,8.0,1.0938,29.4,0,0
TXN000002,25,1085,15.65,7,Monday,electronics,transfer,web,0,1,1,0,2,62.96,0.2485,35.13,0,0
TXN000003,49,748,21.09,8,Thursday,healthcare,purchase,mobile_app,0,1,1,0,7,20.65,1.0216,14.79,0,0
TXN000004,51,1723,8.2,0,Friday,grocery,bill_payment,atm,0,1,1,0,3,15.28,0.537,46.85,1,0
TXN000005,18,265,30.88,5,Saturday,electronics,transfer,pos,0,1,1,1,3,37.13,0.8318,24.01,1,0
TXN000006,22,1255,16.16,5,Thursday,healthcare,bill_payment,mobile_app,0,1,1,0,6,57.16,0.2827,16.43,0,0
TXN000007,41,899,16.61,18,Tuesday,healthcare,transfer,mobile_app,0,1,1,0,10,13.05,1.2732,29.79,0,0
TXN000008,35,473,19.8,8,Thursday,electronics,purchase,mobile_app,0,1,0,0,7,70.62,0.2804,48.15,0,0
TXN000009,39,1116,77.97,4,Tuesday,digital_goods,purchase,mobile_app,0,1,1,0,6,73.67,1.0584,15.78,0,0
TXN000010,28,422,17.3,7,Thursday,grocery,purchase,pos,0,1,0,0,5,43.98,0.3933,107.69,1,0
TXN000011,50,762,11.75,13,Thursday,fashion,transfer,atm,0,1,0,0,9,22.77,0.516,4.62,1,1
TXN000012,49,211,45.89,18,Saturday,grocery,purchase,pos,0,1,1,0,3,21.01,2.1845,33.23,1,0
TXN000013,40,39,129.28,23,Tuesday,restaurant,transfer,pos,0,1,0,1,8,89.0,1.4525,9.92,1,0
TXN000014,54,553,31.17,1,Tuesday,electronics,purchase,mobile_app,0,1,1,0,2,14.32,2.1759,24.5,0,0
TXN000015,45,546,267.58,20,Thursday,fashion,purchase,atm,0,1,1,0,6,91.51,2.9241,39.49,1,0
TXN000016,28,591,20.59,9,Monday,grocery,purchase,web,0,1,1,0,6,37.75,0.5453,233.97,0,0
TXN000017,44,1318,111.08,19,Tuesday,restaurant,cash_withdrawal,web,0,1,1,0,8,39.69,2.799,2.47,0,0
TXN000018,27,1542,4.12,0,Wednesday,fashion,purchase,mobile_app,0,1,1,0,8,12.43,0.3312,7.01,0,0
TXN000019,50,988,62.27,15,Thursday,grocery,purchase,mobile_app,1,0,1,0,6,38.26,1.6277,219.81,1,0
TXN000020,38,1256,44.11,22,Tuesday,digital_goods,purchase,atm,0,1,1,0,8,66.14,0.6668,49.05,0,0
TXN000021,37,432,7.91,0,Friday,travel,purchase,atm,0,1,1,0,4,16.24,0.4868,14.06,1,0
TXN000022,30,348,90.15,18,Sunday,grocery,bill_payment,mobile_app,0,1,1,0,4,60.89,1.4806,6.45,0,0
TXN000023,55,1132,85.15,2,Thursday,electronics,purchase,mobile_app,0,1,1,1,3,45.34,1.8783,35.47,0,0
TXN000024,37,307,49.18,23,Wednesday,travel,purchase,web,0,1,0,1,4,26.75,1.8386,11.65,0,0
TXN000025,33,276,87.36,17,Monday,grocery,purchase,atm,0,1,1,0,7,78.68,1.1104,61.74,1,0
TXN000026,34,3923,9.11,21,Monday,restaurant,purchase,web,1,0,1,0,6,8.71,1.046,104.71,0,0
TXN000027,46,834,75.86,21,Friday,fuel,purchase,mobile_app,1,1,0,0,3,54.58,1.3901,177.66,0,0
TXN000028,44,546,161.53,7,Friday,restaurant,purchase,mobile_app,0,1,1,1,6,136.45,1.1838,55.85,1,0
TXN000029,44,498,168.43,9,Monday,restaurant,purchase,pos,0,1,1,0,4,119.91,1.4046,90.13,0,0
TXN000030,45,217,62.03,16,Tuesday,fashion,purchase,pos,0,1,1,0,3,56.3,1.1017,8.07,1,0
TXN000031,67,973,59.72,4,Wednesday,electronics,purchase,mobile_app,0,1,0,0,3,34.22,1.7451,17.01,0,0
TXN000032,34,634,7.93,7,Wednesday,fuel,transfer,web,0,1,1,1,5,26.9,0.2948,61.7,1,0
TXN000033,32,1513,29.59,2,Sunday,digital_goods,purchase,web,0,1,1,0,7,34.19,0.8654,23.39,0,0
TXN000034,28,1156,22.09,21,Tuesday,electronics,cash_withdrawal,atm,0,1,1,1,4,62.9,0.3512,13.16,1,0
TXN000035,47,617,27.61,5,Monday,fuel,purchase,mobile_app,0,1,1,0,8,23.78,1.1609,21.09,0,0
TXN000036,54,111,227.59,9,Wednesday,healthcare,transfer,atm,0,1,1,0,5,73.36,3.1024,84.62,1,0
TXN000037,38,836,133.56,10,Monday,restaurant,purchase,pos,0,1,1,1,4,197.53,0.6761,22.06,1,0
TXN000038,28,782,42.4,9,Monday,healthcare,transfer,mobile_app,0,1,0,0,3,40.67,1.0425,38.16,0,0
TXN000039,28,85,26.49,18,Wednesday,electronics,transfer,mobile_app,0,1,0,0,9,16.15,1.64,16.58,0,0
TXN000040,47,1066,3.47,21,Wednesday,restaurant,bill_payment,mobile_app,0,1,1,0,4,16.15,0.2146,3.62,0,0
TXN000041,49,297,48.58,13,Monday,electronics,transfer,mobile_app,0,1,1,1,3,74.38,0.6532,47.86,0,0
TXN000042,46,1565,50.37,20,Friday,grocery,purchase,pos,0,1,0,1,5,40.73,1.2367,16.56,1,0
TXN000043,30,747,9.44,2,Thursday,healthcare,bill_payment,pos,0,1,1,0,3,79.94,0.1181,52.33,1,0
TXN000044,42,486,13.63,23,Monday,electronics,transfer,mobile_app,0,1,1,0,6,28.96,0.4708,36.76,0,0
TXN000045,41,922,162.5,2,Saturday,healthcare,purchase,pos,0,1,1,0,2,77.33,2.1014,29.65,1,0
TXN000046,42,882,74.31,1,Wednesday,fuel,purchase,mobile_app,0,1,1,0,2,37.94,1.9585,65.31,0,0
TXN000047,50,859,31.25,0,Sunday,digital_goods,bill_payment,web,0,1,1,1,4,25.09,1.2455,16.62,0,0
TXN000048,42,1430,57.19,5,Sunday,healthcare,purchase,atm,0,1,1,0,7,31.86,1.7953,46.98,1,0
TXN000049,48,963,19.95,20,Thursday,restaurant,transfer,mobile_app,0,1,1,0,7,17.96,1.1106,22.24,0,0
TXN000050,40,452,252.71,7,Tuesday,healthcare,purchase,web,0,1,1,0,4,178.1,1.4189,15.36,0,0
TXN000051,43,649,30.06,18,Saturday,fashion,cash_withdrawal,atm,0,1,1,0,9,39.67,0.7578,33.83,1,0
TXN000052,47,1939,69.93,10,Wednesday,restaurant,purchase,mobile_app,0,1,0,0,9,67.63,1.0339,13.56,0,0
TXN000053,20,419,17.43,2,Tuesday,fuel,cash_withdrawal,pos,0,1,1,1,8,28.89,0.6033,17.33,1,0
TXN000054,35,1054,47.1,11,Thursday,grocery,purchase,mobile_app,0,1,1,0,3,19.94,2.3625,26.08,0,0
TXN000055,33,1465,102.22,5,Thursday,grocery,transfer,mobile_app,0,1,1,0,2,35.93,2.8449,62.62,1,0
TXN000056,31,1125,241.39,6,Saturday,electronics,purchase,pos,0,1,1,0,5,93.96,2.5691,6.76,1,0
TXN000057,35,840,20.72,12,Saturday,restaurant,purchase,web,0,1,1,1,10,29.23,0.709,14.66,0,0
TXN000058,58,935,10.88,18,Sunday,electronics,purchase,web,0,1,1,1,9,22.72,0.4787,40.67,0,0
TXN000059,28,1174,113.45,14,Saturday,restaurant,purchase,mobile_app,0,1,1,0,3,47.56,2.3855,12.67,0,0
TXN000060,52,414,85.7,5,Friday,fuel,bill_payment,mobile_app,0,1,1,0,5,60.9,1.4072,14.33,0,0
TXN000061,18,786,167.24,17,Thursday,fuel,purchase,mobile_app,0,1,1,0,6,138.77,1.2051,21.41,0,0
TXN000062,35,2922,33.07,16,Sunday,digital_goods,purchase,web,1,0,1,1,3,54.86,0.6028,136.31,0,0
TXN000063,41,1077,87.37,5,Sunday,healthcare,transfer,web,0,1,1,0,6,67.6,1.2924,29.03,0,0
TXN000064,47,861,31.08,20,Saturday,digital_goods,purchase,web,1,1,1,0,8,71.37,0.4354,248.87,0,0
TXN000065,48,600,27.84,20,Saturday,fuel,purchase,pos,1,0,1,0,8,18.54,1.5016,80.05,1,0
TXN000066,49,418,54.55,14,Friday,electronics,cash_withdrawal,pos,0,1,1,1,7,21.25,2.5672,29.46,1,0
TXN000067,34,957,59.98,7,Tuesday,healthcare,purchase,mobile_app,0,1,1,1,5,19.48,3.0782,22.2,0,0
TXN000068,33,1005,25.82,8,Sunday,grocery,transfer,pos,0,1,1,1,4,16.29,1.5843,32.53,1,0
TXN000069,50,748,26.51,10,Monday,grocery,cash_withdrawal,pos,0,1,1,1,3,75.39,0.3517,15.54,1,0
TXN000070,37,3669,57.45,4,Tuesday,electronics,purchase,pos,0,1,0,0,3,52.4,1.0965,34.0,1,0
TXN000071,22,449,199.9,7,Wednesday,fuel,purchase,atm,0,1,0,0,10,45.03,4.4396,12.33,1,0
TXN000072,24,366,4.07,3,Friday,fuel,transfer,mobile_app,0,1,1,1,7,8.0,0.509,58.61,0,0
TXN000073,27,607,170.26,3,Friday,grocery,purchase,mobile_app,0,1,1,0,8,186.78,0.9115,23.52,0,0
TXN000074,45,765,58.78,17,Tuesday,fashion,cash_withdrawal,pos,0,1,1,0,9,22.33,2.632,78.35,0,0
TXN000075,41,400,276.34,3,Monday,grocery,purchase,web,0,1,1,0,4,186.29,1.4834,57.8,1,0
TXN000076,48,941,84.97,11,Tuesday,electronics,purchase,pos,0,1,1,0,4,14.98,5.673,30.19,1,0
TXN000077,33,1014,13.3,10,Wednesday,travel,cash_withdrawal,atm,0,1,1,0,7,23.69,0.5612,42.07,1,0
TXN000078,41,1270,4.06,1,Monday,travel,purchase,mobile_app,0,1,1,0,5,8.71,0.4664,34.61,0,0
TXN000079,47,533,126.74,19,Friday,fashion,purchase,mobile_app,0,1,0,0,4,55.19,2.2965,6.94,0,0
TXN000080,35,1835,7.74,23,Tuesday,grocery,purchase,pos,0,1,1,0,5,19.24,0.4021,29.1,1,0
TXN000081,45,1213,16.21,15,Wednesday,grocery,cash_withdrawal,mobile_app,0,1,1,0,9,19.64,0.8256,27.78,0,0
TXN000082,30,442,14.36,16,Wednesday,grocery,purchase,atm,0,1,0,0,8,15.83,0.9073,22.03,1,0
TXN000083,34,399,149.25,5,Thursday,fashion,purchase,pos,0,1,1,0,4,74.42,2.0055,36.97,1,0
TXN000084,34,639,105.06,20,Saturday,healthcare,purchase,mobile_app,0,1,1,0,5,70.97,1.4803,29.71,0,0
TXN000085,23,1016,207.21,18,Tuesday,fuel,bill_payment,mobile_app,1,0,0,0,6,156.75,1.3219,180.8,1,0
TXN000086,45,1119,18.48,10,Wednesday,fuel,purchase,web,0,1,1,0,7,25.95,0.7119,75.35,0,0
TXN000087,33,1211,113.56,16,Friday,digital_goods,purchase,pos,1,0,1,1,8,49.78,2.2814,121.18,1,0
TXN000088,39,2804,290.11,22,Monday,electronics,purchase,web,0,1,1,0,7,16.81,17.2635,47.62,0,1
TXN000089,45,152,52.27,14,Saturday,grocery,purchase,mobile_app,0,1,1,1,4,33.41,1.5647,23.34,0,0
TXN000090,45,733,29.91,4,Sunday,restaurant,purchase,mobile_app,1,0,1,0,4,29.27,1.022,236.04,0,0
TXN000091,48,2658,22.2,7,Friday,electronics,transfer,mobile_app,0,1,0,2,4,59.41,0.3736,40.71,0,0
TXN000092,38,1309,53.16,4,Sunday,restaurant,cash_withdrawal,mobile_app,0,1,1,0,5,88.43,0.6011,30.25,0,0
TXN000093,33,347,70.79,7,Wednesday,restaurant,purchase,mobile_app,0,1,0,0,7,86.8,0.8156,13.77,0,0
TXN000094,38,908,15.0,21,Wednesday,electronics,purchase,pos,0,1,1,0,4,23.18,0.6473,77.72,0,0
TXN000095,18,701,82.05,4,Monday,restaurant,purchase,mobile_app,0,1,0,0,9,87.26,0.9403,54.82,0,0
TXN000096,20,682,140.95,21,Monday,travel,purchase,pos,0,1,1,0,8,41.19,3.4218,12.74,1,0
TXN000097,22,525,78.59,6,Tuesday,grocery,purchase,pos,0,1,1,1,5,33.66,2.3349,4.77,1,0
TXN000098,26,857,21.66,11,Thursday,digital_goods,purchase,atm,1,0,0,0,7,25.53,0.8484,46.22,1,0
TXN000099,44,1619,11.32,12,Thursday,fashion,transfer,atm,0,1,0,2,6,28.41,0.3985,9.88,1,0
TXN000100,27,563,371.43,3,Tuesday,grocery,purchase,mobile_app,0,1,1,0,5,149.08,2.4915,21.47,0,0
TXN000101,34,1217,48.72,4,Friday,grocery,purchase,web,0,1,1,0,8,53.06,0.9182,45.34,0,0
TXN000102,56,1362,13.23,7,Tuesday,grocery,bill_payment,mobile_app,0,1,1,0,2,48.22,0.2744,54.54,0,0
TXN000103,34,1825,55.93,1,Wednesday,grocery,purchase,mobile_app,0,1,1,0,3,35.2,1.5888,4.17,0,0
TXN000104,49,393,492.55,18,Tuesday,grocery,purchase,web,0,1,1,0,3,247.42,1.9907,6.43,0,0
TXN000105,27,809,18.05,13,Friday,grocery,purchase,mobile_app,0,1,1,0,11,108.81,0.1659,9.54,0,0
TXN000106,36,478,13.29,20,Thursday,digital_goods,bill_payment,mobile_app,0,1,1,0,2,25.3,0.5254,28.72,0,0
TXN000107,27,858,30.68,20,Saturday,digital_goods,purchase,atm,0,1,1,0,4,34.92,0.8785,57.39,0,0
TXN000108,35,854,58.83,8,Monday,fashion,purchase,web,0,1,0,2,9,36.44,1.6142,23.45,0,0
TXN000109,50,314,30.99,19,Thursday,fuel,purchase,mobile_app,0,1,1,0,4,47.23,0.6562,4.01,0,0
TXN000110,18,894,13.41,1,Sunday,fashion,purchase,mobile_app,0,1,1,0,5,25.66,0.5225,31.71,0,0
TXN000111,45,2893,93.64,10,Monday,fashion,purchase,mobile_app,0,1,1,0,4,58.32,1.6057,16.46,0,0
TXN000112,42,1122,82.13,15,Wednesday,digital_goods,purchase,web,0,1,1,1,2,120.97,0.679,16.71,0,0
TXN000113,31,259,23.21,11,Monday,fashion,transfer,web,0,1,1,0,7,16.51,1.4053,28.49,0,1
TXN000114,20,373,8.06,17,Tuesday,fashion,cash_withdrawal,mobile_app,0,1,1,0,5,18.87,0.4273,38.19,0,0
TXN000115,40,779,10.79,20,Thursday,digital_goods,purchase,web,1,0,1,0,7,30.03,0.3593,216.17,0,0
TXN000116,32,380,50.87,10,Tuesday,restaurant,purchase,pos,0,1,0,1,2,31.05,1.6385,58.61,1,0
TXN000117,42,1763,204.53,6,Thursday,electronics,purchase,web,0,1,1,0,10,179.27,1.1409,47.51,0,0
TXN000118,39,230,161.64,13,Sunday,grocery,purchase,web,0,1,1,0,5,87.46,1.8481,43.45,0,0
TXN000119,60,1128,54.4,20,Tuesday,restaurant,cash_withdrawal,atm,0,1,1,0,5,83.92,0.6483,6.01,1,0
TXN000120,36,185,18.86,23,Monday,grocery,purchase,pos,0,1,1,1,11,35.15,0.5366,40.8,1,0
TXN000121,26,770,87.67,19,Saturday,grocery,transfer,pos,0,1,1,0,3,34.6,2.5338,21.85,1,0
TXN000122,41,334,4.75,5,Thursday,grocery,purchase,mobile_app,1,1,1,0,3,14.95,0.3177,180.67,0,0
TXN000123,42,1268,174.85,4,Sunday,electronics,cash_withdrawal,mobile_app,0,1,1,0,6,74.65,2.3421,15.43,0,0
TXN000124,57,1576,149.06,13,Wednesday,healthcare,transfer,mobile_app,0,1,1,0,6,60.56,2.4615,20.33,1,0
TXN000125,50,1013,189.65,9,Friday,travel,cash_withdrawal,pos,0,1,1,0,3,107.33,1.767,13.57,1,0
TXN000126,44,1623,21.18,14,Sunday,electronics,transfer,mobile_app,0,1,1,1,6,36.53,0.5797,16.04,0,0
TXN000127,58,59,20.29,22,Tuesday,restaurant,transfer,pos,0,1,0,1,7,38.39,0.5284,67.24,1,0
TXN000128,24,886,39.3,13,Saturday,electronics,purchase,mobile_app,1,0,1,0,4,48.06,0.8177,113.12,0,0
TXN000129,31,1117,30.26,8,Friday,fuel,purchase,web,0,1,1,0,8,80.82,0.3744,26.5,0,0
TXN000130,27,1215,7.02,20,Saturday,fuel,purchase,mobile_app,0,1,0,1,3,14.75,0.476,15.43,0,0
TXN000131,34,1072,109.31,10,Tuesday,grocery,transfer,web,0,1,1,0,4,72.24,1.5132,26.46,0,1
TXN000132,21,1233,63.61,14,Thursday,restaurant,purchase,web,1,0,1,0,4,41.9,1.5182,169.93,0,0
TXN000133,47,879,8.86,3,Monday,grocery,bill_payment,pos,0,1,1,1,5,19.84,0.4468,40.37,1,0
TXN000134,36,261,14.67,12,Sunday,fuel,purchase,web,0,1,1,0,5,9.48,1.5478,24.37,0,0
TXN000135,20,522,50.85,10,Monday,healthcare,cash_withdrawal,web,0,1,1,0,1,38.54,1.3193,71.93,0,0
TXN000136,26,1769,340.18,2,Monday,digital_goods,purchase,atm,0,1,1,0,6,120.58,2.8211,4.68,1,0
TXN000137,43,1642,203.48,5,Sunday,electronics,bill_payment,pos,0,1,1,0,6,141.99,1.433,13.66,1,0
TXN000138,50,1103,111.95,16,Wednesday,fashion,purchase,pos,1,0,0,0,6,54.92,2.0384,112.47,1,1
TXN000139,65,1286,234.19,4,Friday,fashion,purchase,atm,0,1,1,0,9,174.63,1.3411,10.26,1,0
TXN000140,77,1518,79.41,3,Wednesday,digital_goods,transfer,web,0,1,1,1,6,41.23,1.9262,37.91,0,0
TXN000141,44,1094,31.81,1,Friday,electronics,purchase,pos,0,1,0,0,4,84.47,0.3765,13.2,1,0
TXN000142,26,1736,26.77,0,Tuesday,restaurant,purchase,web,0,1,1,0,6,30.73,0.8714,29.29,0,0
TXN000143,18,1700,27.15,10,Thursday,electronics,transfer,pos,0,1,1,0,6,29.36,0.9249,73.29,1,0
TXN000144,42,3461,20.84,11,Thursday,grocery,transfer,pos,0,1,1,1,6,26.11,0.7981,0.92,1,0
TXN000145,28,539,12.63,14,Wednesday,fuel,purchase,mobile_app,0,1,1,0,4,9.64,1.3094,36.41,0,0
TXN000146,34,547,161.33,13,Tuesday,restaurant,purchase,mobile_app,1,0,1,1,4,107.42,1.5019,144.15,0,0
TXN000147,31,1039,33.8,12,Tuesday,electronics,purchase,pos,0,1,1,1,5,26.79,1.2617,14.87,0,0
TXN000148,37,2561,20.0,23,Friday,digital_goods,purchase,atm,0,1,0,1,6,23.88,0.8374,32.41,1,0
TXN000149,53,1825,10.18,5,Tuesday,restaurant,purchase,web,0,1,1,0,6,18.18,0.5601,27.33,0,0
TXN000150,41,1392,76.93,17,Wednesday,healthcare,purchase,pos,0,1,0,0,5,36.7,2.0959,39.75,1,0
TXN000151,37,1905,185.22,1,Wednesday,fashion,purchase,web,0,1,1,1,2,151.37,1.2236,16.36,0,0
TXN000152,26,1130,87.72,20,Thursday,digital_goods,purchase,mobile_app,0,1,1,0,8,192.0,0.4568,16.9,1,0
TXN000153,18,644,10.64,8,Friday,fashion,transfer,web,0,1,1,0,6,12.86,0.8274,33.11,1,0
TXN000154,33,2960,8.93,8,Thursday,grocery,purchase,mobile_app,0,1,1,0,5,32.94,0.2711,24.43,0,0
TXN000155,38,1075,19.7,3,Sunday,grocery,purchase,web,0,1,1,0,3,20.19,0.9758,55.53,0,0
TXN000156,62,1676,71.43,12,Friday,digital_goods,bill_payment,pos,0,1,1,1,4,86.63,0.8246,26.2,1,0
TXN000157,41,58,32.88,9,Saturday,grocery,transfer,mobile_app,0,1,1,0,9,52.27,0.629,34.12,1,0
TXN000158,52,77,80.04,23,Friday,travel,purchase,pos,0,1,1,1,8,26.89,2.977,17.25,1,0
TXN000159,33,906,18.54,4,Tuesday,fuel,bill_payment,pos,0,1,1,0,6,44.8,0.4138,17.18,1,0
TXN000160,24,380,47.7,10,Sunday,electronics,purchase,mobile_app,0,1,1,0,3,30.15,1.5819,44.29,0,0
TXN000161,26,965,624.33,21,Saturday,electronics,purchase,pos,0,1,1,0,4,135.95,4.5925,48.25,1,0
TXN000162,30,547,130.25,19,Friday,restaurant,purchase,pos,1,0,0,0,9,63.04,2.066,59.44,1,0
TXN000163,67,3773,64.04,18,Tuesday,travel,purchase,web,0,1,1,0,8,68.87,0.9299,20.61,0,0
TXN000164,28,1590,3.36,12,Tuesday,fuel,cash_withdrawal,mobile_app,0,1,1,0,9,8.0,0.4204,34.41,1,0
TXN000165,50,2023,14.46,20,Friday,grocery,purchase,mobile_app,0,1,1,0,8,40.52,0.3568,1.2,1,0
TXN000166,27,99,134.77,5,Wednesday,restaurant,transfer,web,0,1,1,0,5,190.55,0.7073,20.34,0,0
TXN000167,51,1380,64.08,19,Friday,grocery,purchase,mobile_app,0,1,1,0,8,110.48,0.5801,98.91,0,0
TXN000168,44,703,6.37,13,Wednesday,fuel,purchase,mobile_app,0,1,0,0,3,11.25,0.5666,10.56,0,0
TXN000169,37,2047,25.52,8,Thursday,grocery,purchase,pos,0,1,1,1,4,33.93,0.7521,10.12,1,0
TXN000170,38,1249,15.82,5,Tuesday,grocery,purchase,atm,0,1,0,3,4,17.9,0.8837,23.12,1,0
TXN000171,30,780,196.63,12,Tuesday,digital_goods,bill_payment,atm,0,1,1,0,7,145.76,1.349,24.71,1,0
TXN000172,45,288,19.78,0,Monday,electronics,cash_withdrawal,pos,0,1,0,0,2,50.7,0.3902,18.38,1,0
TXN000173,33,894,14.24,17,Saturday,fashion,transfer,mobile_app,0,1,0,0,3,24.46,0.582,49.08,0,0
TXN000174,23,1743,36.95,5,Thursday,electronics,cash_withdrawal,mobile_app,0,1,1,0,6,43.58,0.8479,2.9,0,0
TXN000175,22,2123,6.61,9,Sunday,electronics,purchase,atm,0,1,0,0,6,8.0,0.8263,9.72,0,0
TXN000176,41,612,69.48,4,Saturday,electronics,purchase,web,0,1,1,0,6,19.47,3.5688,20.46,0,1
TXN000177,60,3398,49.08,11,Saturday,digital_goods,purchase,mobile_app,0,1,1,1,6,43.65,1.1244,57.38,0,0
TXN000178,41,1656,23.27,8,Thursday,travel,transfer,pos,0,1,1,2,3,78.17,0.2977,13.85,1,0
TXN000179,37,387,13.51,4,Saturday,electronics,purchase,mobile_app,0,1,1,0,3,10.51,1.2854,8.67,0,0
TXN000180,43,314,45.53,21,Sunday,restaurant,purchase,web,0,1,1,1,3,32.32,1.409,1.8,0,0
TXN000181,56,737,76.47,18,Saturday,travel,cash_withdrawal,web,0,1,1,1,8,87.97,0.8693,7.62,0,0
TXN000182,42,611,5.94,9,Monday,fashion,purchase,atm,0,1,1,0,7,14.95,0.3971,2.13,1,0
TXN000183,34,1136,169.15,1,Friday,healthcare,purchase,mobile_app,1,0,1,0,6,50.15,3.373,152.97,0,0
TXN000184,53,827,19.63,20,Monday,restaurant,purchase,mobile_app,1,1,1,1,7,44.59,0.4403,72.97,0,0
TXN000185,45,652,223.66,16,Monday,restaurant,purchase,pos,0,1,1,0,4,146.11,1.5307,32.17,1,1
TXN000186,59,196,39.58,13,Friday,travel,purchase,pos,0,1,1,1,5,36.03,1.0986,38.85,1,0
TXN000187,41,1275,55.09,14,Saturday,healthcare,transfer,web,0,1,1,1,5,37.58,1.4661,6.21,0,0
TXN000188,23,179,255.83,0,Tuesday,restaurant,cash_withdrawal,mobile_app,0,1,1,1,4,78.69,3.2509,3.92,0,0
TXN000189,21,1659,23.32,11,Monday,grocery,purchase,web,0,1,1,0,5,16.36,1.4253,30.74,1,0
TXN000190,60,113,23.07,4,Sunday,healthcare,transfer,mobile_app,1,0,1,0,4,36.27,0.6362,108.19,0,0
TXN000191,61,169,64.6,15,Monday,healthcare,transfer,mobile_app,0,1,1,0,5,30.63,2.1092,23.12,0,0
TXN000192,37,386,23.23,22,Monday,restaurant,cash_withdrawal,mobile_app,1,1,1,1,7,38.47,0.6039,128.92,0,0
TXN000193,34,570,83.82,12,Saturday,travel,bill_payment,mobile_app,0,1,1,2,8,78.32,1.0701,21.74,0,0
TXN000194,58,480,23.76,14,Saturday,fuel,transfer,mobile_app,0,1,1,0,7,63.37,0.3749,14.8,0,0
TXN000195,25,568,11.21,16,Thursday,digital_goods,purchase,mobile_app,0,1,1,0,6,24.8,0.4521,17.31,0,0
TXN000196,27,979,46.31,22,Thursday,restaurant,purchase,pos,0,1,0,0,4,46.92,0.9871,45.35,1,0
TXN000197,47,393,154.18,0,Wednesday,travel,purchase,web,0,1,1,1,6,124.35,1.2399,21.41,0,0
TXN000198,34,985,6.53,7,Tuesday,electronics,purchase,web,0,1,1,0,6,23.37,0.2792,44.97,0,0
TXN000199,39,59,64.24,6,Saturday,travel,bill_payment,mobile_app,0,1,1,0,8,47.21,1.3608,26.29,1,0
TXN000200,37,381,19.51,17,Saturday,grocery,purchase,pos,0,1,1,1,8,37.0,0.5273,12.69,1,0
TXN000201,43,160,97.13,10,Wednesday,fashion,purchase,mobile_app,0,1,1,0,7,40.64,2.3902,34.44,0,0
TXN000202,57,1647,9.7,18,Tuesday,grocery,bill_payment,mobile_app,0,1,1,0,7,13.14,0.7383,22.1,0,0
TXN000203,40,439,49.74,11,Tuesday,travel,cash_withdrawal,atm,0,0,1,1,3,117.42,0.4236,53.55,1,0
TXN000204,47,1221,24.46,23,Monday,digital_goods,purchase,atm,0,1,1,0,7,24.35,1.0046,10.04,0,1
TXN000205,18,130,43.78,18,Wednesday,restaurant,transfer,pos,0,1,1,1,3,89.01,0.4918,2.18,1,0
TXN000206,38,2100,64.47,0,Monday,electronics,purchase,web,0,1,1,0,11,27.18,2.3718,37.46,0,1
TXN000207,28,863,25.79,23,Saturday,healthcare,purchase,mobile_app,0,1,0,0,6,27.1,0.9516,62.53,0,0
TXN000208,23,792,86.86,22,Tuesday,grocery,purchase,mobile_app,0,1,1,0,6,101.84,0.8528,45.88,0,0
TXN000209,28,199,126.68,1,Friday,digital_goods,bill_payment,web,1,1,1,0,8,86.97,1.4566,104.29,0,0
TXN000210,35,340,22.8,9,Thursday,grocery,purchase,mobile_app,1,0,1,0,7,49.41,0.4614,334.94,0,1
TXN000211,51,668,27.66,23,Saturday,restaurant,purchase,mobile_app,0,1,1,0,2,73.55,0.376,19.42,1,0
TXN000212,22,352,44.09,20,Sunday,fuel,cash_withdrawal,mobile_app,0,1,1,0,5,34.54,1.2764,8.01,0,0
TXN000213,39,1541,18.21,11,Wednesday,travel,transfer,pos,0,1,1,0,5,42.27,0.431,0.39,1,0
TXN000214,33,844,11.38,13,Monday,restaurant,purchase,mobile_app,0,1,1,0,11,26.41,0.4308,2.53,0,0
TXN000215,35,356,141.65,0,Saturday,electronics,purchase,mobile_app,0,1,1,0,5,81.53,1.7375,36.1,0,0
TXN000216,52,1386,35.83,13,Monday,restaurant,bill_payment,pos,1,1,1,0,6,25.81,1.3883,72.38,1,0
TXN000217,46,601,47.78,15,Tuesday,grocery,transfer,atm,0,1,1,0,8,123.88,0.3857,28.73,1,0
TXN000218,56,1344,20.63,8,Monday,fashion,purchase,web,1,1,1,1,6,33.87,0.6091,65.71,1,0
TXN000219,37,527,21.41,7,Sunday,fuel,purchase,atm,0,1,1,1,6,43.15,0.4962,23.97,1,0
TXN000220,30,1164,250.95,19,Monday,restaurant,purchase,mobile_app,0,1,0,0,8,73.43,3.4176,16.97,0,0
TXN000221,36,584,79.0,10,Thursday,grocery,cash_withdrawal,pos,0,1,1,1,4,43.26,1.8264,9.47,1,0
TXN000222,42,1541,24.11,6,Thursday,restaurant,purchase,mobile_app,0,0,1,1,3,34.31,0.7026,70.01,1,0
TXN000223,41,133,59.93,8,Friday,restaurant,transfer,pos,0,1,1,0,7,41.61,1.4403,9.43,1,0
TXN000224,25,266,28.99,11,Wednesday,electronics,purchase,mobile_app,0,1,0,0,4,80.93,0.3583,17.08,0,0
TXN000225,40,715,15.46,6,Sunday,fuel,transfer,atm,0,1,1,1,7,26.38,0.5861,15.19,0,0
TXN000226,42,456,39.83,13,Saturday,grocery,purchase,web,1,0,1,0,9,38.83,1.0258,69.7,0,0
TXN000227,72,570,56.43,20,Thursday,electronics,transfer,mobile_app,0,1,0,1,5,42.84,1.3173,26.25,0,0
TXN000228,63,1257,70.27,17,Wednesday,fashion,purchase,mobile_app,1,1,1,0,6,79.24,0.8868,139.4,0,0
TXN000229,28,561,45.0,5,Saturday,grocery,purchase,pos,0,1,1,0,6,39.57,1.1372,43.66,1,0
TXN000230,35,1011,157.34,11,Saturday,electronics,purchase,mobile_app,0,1,1,0,5,156.33,1.0064,9.41,0,0
TXN000231,20,378,32.12,13,Wednesday,fuel,purchase,pos,0,1,0,0,7,37.99,0.8455,29.17,1,0
TXN000232,31,102,27.54,16,Wednesday,fashion,purchase,mobile_app,0,1,1,0,3,35.83,0.7686,65.42,0,0
TXN000233,43,1338,26.31,18,Monday,grocery,cash_withdrawal,atm,0,0,1,1,5,37.59,0.6998,12.02,1,1
TXN000234,55,2412,18.52,11,Monday,grocery,transfer,web,0,1,1,0,6,16.48,1.1241,12.73,0,0
TXN000235,30,937,25.77,7,Monday,restaurant,purchase,web,0,1,0,0,7,20.16,1.2786,19.43,0,0
TXN000236,30,745,31.84,15,Monday,fuel,purchase,atm,0,1,1,0,8,29.02,1.0973,20.1,1,0
TXN000237,18,867,39.22,3,Tuesday,restaurant,purchase,pos,0,1,1,0,3,96.33,0.4071,27.15,1,0
TXN000238,37,1914,19.24,16,Saturday,fuel,transfer,web,0,1,1,0,6,41.52,0.4634,34.94,0,0
TXN000239,25,945,38.03,21,Saturday,fashion,purchase,web,0,1,1,1,2,30.0,1.2677,8.81,0,1
TXN000240,32,1383,282.23,17,Saturday,healthcare,purchase,web,0,1,1,2,4,102.83,2.7445,22.14,0,0
TXN000241,28,1341,137.91,10,Friday,travel,purchase,web,0,1,1,1,5,129.91,1.0616,7.26,0,0
TXN000242,38,1629,74.25,19,Friday,grocery,purchase,mobile_app,0,1,1,0,8,104.99,0.7072,38.81,1,0
TXN000243,18,733,25.72,12,Monday,electronics,purchase,mobile_app,1,0,1,0,2,23.01,1.118,98.38,0,0
TXN000244,20,521,12.49,12,Friday,grocery,purchase,web,0,1,1,0,7,29.77,0.4196,15.07,0,0
TXN000245,67,1173,383.11,20,Wednesday,travel,purchase,pos,0,1,1,0,4,156.94,2.4411,25.15,1,0
TXN000246,22,1553,55.03,4,Thursday,digital_goods,transfer,mobile_app,0,1,1,1,5,50.58,1.088,62.68,0,0
TXN000247,25,1751,20.6,18,Sunday,travel,purchase,web,0,1,1,0,4,35.07,0.5874,30.72,0,0
TXN000248,63,2069,60.17,16,Sunday,grocery,purchase,mobile_app,0,1,1,0,5,71.32,0.8436,7.31,0,0
TXN000249,77,1460,57.16,12,Tuesday,restaurant,purchase,web,0,1,1,1,7,87.82,0.6509,3.59,0,0
TXN000250,24,498,68.92,1,Saturday,healthcare,transfer,pos,1,1,1,0,4,28.18,2.4459,87.37,0,0
TXN000251,34,936,40.95,18,Monday,grocery,cash_withdrawal,atm,0,1,1,0,5,49.8,0.8223,18.02,1,0
TXN000252,43,877,88.15,5,Monday,fashion,purchase,atm,0,1,1,1,3,82.86,1.0638,42.59,1,0
TXN000253,61,809,26.51,21,Monday,digital_goods,transfer,pos,0,1,0,0,6,18.44,1.4378,16.53,1,0
TXN000254,26,1175,23.94,19,Tuesday,restaurant,purchase,mobile_app,0,0,1,0,2,42.9,0.558,6.67,1,0
TXN000255,36,682,20.84,8,Friday,fuel,purchase,web,1,0,1,0,9,19.06,1.0936,63.46,0,0
TXN000256,49,683,24.27,10,Wednesday,restaurant,cash_withdrawal,mobile_app,0,1,1,0,8,20.94,1.159,18.38,0,0
TXN000257,45,2507,8.81,0,Monday,electronics,cash_withdrawal,pos,0,1,1,1,3,28.35,0.3107,10.84,1,0
TXN000258,34,762,68.41,11,Sunday,restaurant,purchase,pos,0,1,0,0,6,59.95,1.141,16.65,1,0
TXN000259,37,1621,31.04,1,Thursday,grocery,purchase,mobile_app,0,1,1,1,7,33.72,0.9204,25.43,0,0
TXN000260,21,1683,27.85,23,Wednesday,fashion,purchase,mobile_app,0,1,1,0,6,26.66,1.0445,2.95,0,0
TXN000261,36,955,43.07,15,Thursday,digital_goods,purchase,web,1,0,0,0,5,44.13,0.9759,123.51,0,1
TXN000262,36,704,21.34,5,Thursday,electronics,bill_payment,pos,0,1,0,0,7,18.62,1.1464,112.14,1,0
TXN000263,42,392,144.26,19,Thursday,restaurant,purchase,mobile_app,0,1,1,0,4,57.9,2.4915,29.83,0,0
TXN000264,32,177,39.07,0,Friday,electronics,bill_payment,web,1,1,0,0,8,96.02,0.4069,452.39,0,0
TXN000265,45,1233,29.86,13,Sunday,grocery,purchase,mobile_app,1,0,1,0,6,40.16,0.7435,84.66,0,0
TXN000266,52,1066,56.49,2,Wednesday,fuel,transfer,atm,0,1,1,1,4,36.75,1.5372,71.23,0,0
TXN000267,41,1359,74.82,1,Thursday,grocery,bill_payment,atm,0,1,1,0,6,55.64,1.3448,13.01,1,0
TXN000268,44,549,13.07,5,Monday,fashion,cash_withdrawal,mobile_app,0,1,0,0,7,9.87,1.3242,3.33,0,0
TXN000269,40,2671,432.28,7,Saturday,electronics,purchase,pos,0,1,1,1,5,62.58,6.9073,48.86,1,0
TXN000270,39,1133,587.3,17,Wednesday,digital_goods,purchase,mobile_app,0,1,1,0,2,396.77,1.4802,18.25,0,0
TXN000271,30,740,83.59,21,Tuesday,travel,purchase,pos,0,1,0,1,8,38.93,2.1474,19.13,1,0
TXN000272,43,95,29.76,18,Sunday,travel,purchase,mobile_app,0,1,1,1,4,39.03,0.7625,34.57,0,0
TXN000273,38,599,33.8,17,Friday,fashion,bill_payment,web,0,1,1,1,7,72.63,0.4654,22.48,0,0
TXN000274,66,1403,105.46,13,Monday,restaurant,purchase,mobile_app,0,1,1,1,7,139.02,0.7586,27.49,0,0
TXN000275,59,2034,136.26,8,Tuesday,electronics,purchase,web,0,1,1,0,6,85.8,1.5882,29.44,0,1
TXN000276,44,830,11.48,6,Wednesday,digital_goods,purchase,mobile_app,0,1,1,1,3,9.01,1.275,49.37,0,0
TXN000277,29,2252,81.12,22,Sunday,travel,purchase,web,0,1,0,0,3,63.79,1.2717,32.02,0,1
TXN000278,25,366,220.85,12,Thursday,grocery,purchase,mobile_app,0,1,0,0,6,270.91,0.8152,7.07,0,0
TXN000279,54,1089,48.38,13,Tuesday,restaurant,purchase,mobile_app,1,0,1,0,5,66.56,0.7268,69.25,0,0
TXN000280,42,1111,15.47,0,Friday,fuel,transfer,pos,0,1,1,0,6,18.52,0.8357,11.87,1,0
TXN000281,45,1240,83.47,10,Wednesday,fuel,purchase,web,0,1,1,0,7,52.09,1.6026,30.57,0,0
TXN000282,18,914,29.47,16,Monday,digital_goods,purchase,web,1,1,1,0,4,16.91,1.7425,44.9,0,0
TXN000283,51,1048,47.61,11,Saturday,restaurant,purchase,atm,0,1,1,0,9,103.3,0.4609,7.77,1,0
TXN000284,45,359,35.19,14,Monday,electronics,purchase,web,0,1,1,1,7,21.37,1.6469,28.77,0,0
TXN000285,25,1908,26.71,19,Sunday,electronics,cash_withdrawal,pos,0,0,1,0,4,44.86,0.5954,12.94,0,0
TXN000286,33,1516,30.57,0,Saturday,grocery,cash_withdrawal,web,0,1,1,0,4,22.93,1.3333,67.06,0,0
TXN000287,42,1019,23.77,21,Monday,fashion,purchase,pos,0,1,0,0,4,28.69,0.8284,13.64,1,0
TXN000288,40,1540,364.09,19,Saturday,grocery,transfer,pos,0,1,1,0,3,123.97,2.9369,39.85,1,0
TXN000289,35,1948,32.25,10,Saturday,fuel,purchase,web,0,1,1,0,6,45.81,0.704,19.66,1,0
TXN000290,38,1228,30.75,18,Friday,fuel,purchase,mobile_app,0,1,1,0,6,28.43,1.0818,6.1,0,0
TXN000291,36,2856,27.44,1,Friday,fashion,bill_payment,atm,0,1,1,1,6,18.64,1.4722,13.21,1,0
TXN000292,41,1298,5.6,7,Monday,grocery,bill_payment,pos,0,1,1,0,6,11.05,0.507,20.92,1,0
TXN000293,58,409,15.59,2,Monday,electronics,purchase,mobile_app,0,1,1,0,5,17.27,0.9026,13.44,0,0
TXN000294,18,983,36.19,15,Saturday,digital_goods,bill_payment,mobile_app,0,1,1,0,6,46.09,0.7851,61.54,0,0
TXN000295,36,1580,56.59,20,Monday,fuel,transfer,mobile_app,1,0,1,0,5,86.12,0.6571,110.55,0,0
TXN000296,41,1950,19.69,14,Tuesday,restaurant,purchase,pos,0,1,1,0,3,28.4,0.6931,15.08,1,0
TXN000297,43,929,279.06,17,Thursday,fashion,purchase,atm,0,1,1,1,6,131.73,2.1184,31.71,1,0
TXN000298,34,382,15.68,3,Tuesday,digital_goods,purchase,mobile_app,0,1,1,0,9,25.37,0.6182,82.68,0,0
TXN000299,18,692,51.24,22,Saturday,electronics,purchase,web,0,1,1,1,7,35.82,1.4302,35.52,0,0
TXN000300,43,247,23.32,4,Saturday,digital_goods,bill_payment,pos,0,1,0,0,8,19.54,1.193,30.09,1,0
TXN000301,61,1390,30.19,12,Saturday,grocery,purchase,pos,0,1,1,0,9,86.78,0.3479,44.18,1,0
TXN000302,19,593,266.14,16,Monday,healthcare,purchase,mobile_app,0,1,1,0,6,192.52,1.3824,53.78,0,0
TXN000303,50,466,4.11,20,Thursday,grocery,purchase,mobile_app,0,1,1,0,10,11.96,0.3438,62.52,0,0
TXN000304,35,1482,49.55,22,Saturday,electronics,purchase,mobile_app,0,1,1,0,3,33.14,1.4951,35.46,0,0
TXN000305,38,2223,69.79,14,Wednesday,grocery,transfer,atm,0,1,1,0,7,105.7,0.6602,26.72,1,0
TXN000306,25,464,14.36,13,Friday,digital_goods,purchase,mobile_app,0,1,1,1,7,15.0,0.957,9.26,0,0
TXN000307,35,933,23.95,10,Friday,healthcare,purchase,mobile_app,0,1,1,1,4,63.94,0.3746,28.42,0,0
TXN000308,56,714,106.44,13,Wednesday,electronics,purchase,pos,0,1,1,0,8,102.46,1.0389,71.57,1,0
TXN000309,47,2008,83.41,16,Tuesday,travel,cash_withdrawal,web,0,1,1,1,5,44.98,1.8541,1.01,0,0
TXN000310,62,777,33.62,15,Friday,electronics,cash_withdrawal,mobile_app,0,1,1,0,7,63.19,0.5321,57.65,0,0
TXN000311,54,351,92.82,14,Monday,grocery,cash_withdrawal,mobile_app,0,1,1,0,4,151.09,0.6144,26.61,0,0
TXN000312,45,805,228.19,10,Saturday,fashion,purchase,mobile_app,0,1,1,0,8,172.93,1.3196,47.91,0,0
TXN000313,62,1741,54.64,4,Friday,grocery,purchase,mobile_app,0,1,1,1,9,40.67,1.3436,36.7,0,0
TXN000314,45,683,4.78,1,Monday,healthcare,cash_withdrawal,web,0,1,1,1,3,28.98,0.1649,23.3,0,0
TXN000315,50,505,89.01,10,Friday,healthcare,cash_withdrawal,mobile_app,0,1,1,1,11,21.92,4.0596,26.57,0,0
TXN000316,35,752,119.58,9,Thursday,grocery,purchase,mobile_app,0,0,1,0,3,85.92,1.3917,39.16,0,0
TXN000317,40,361,24.88,14,Tuesday,restaurant,transfer,pos,0,1,1,1,4,15.84,1.5711,9.89,1,0
TXN000318,30,714,30.41,21,Sunday,healthcare,purchase,pos,1,0,1,0,9,35.45,0.8578,248.2,1,0
TXN000319,52,537,11.45,16,Friday,digital_goods,purchase,mobile_app,0,1,1,1,4,45.78,0.2501,34.96,0,0
TXN000320,24,3188,45.77,19,Friday,fashion,bill_payment,atm,0,1,1,0,5,29.6,1.5462,42.35,1,0
TXN000321,49,124,32.93,13,Saturday,grocery,purchase,mobile_app,0,1,1,0,6,52.01,0.6332,39.07,0,0
TXN000322,37,408,379.21,22,Thursday,grocery,transfer,pos,0,1,1,1,5,269.47,1.4072,17.86,1,0
TXN000323,54,505,31.66,22,Thursday,fashion,purchase,pos,0,1,1,0,6,38.96,0.8126,25.01,1,0
TXN000324,49,363,35.09,3,Tuesday,travel,transfer,web,0,1,1,0,5,31.08,1.1291,6.88,0,0
TXN000325,63,1096,48.09,15,Tuesday,fuel,purchase,web,0,1,1,0,6,88.33,0.5444,55.39,0,0
TXN000326,49,457,89.56,12,Thursday,fashion,transfer,mobile_app,0,1,1,0,4,50.53,1.7724,29.28,1,1
TXN000327,19,221,48.46,23,Thursday,restaurant,cash_withdrawal,mobile_app,1,0,1,1,2,119.86,0.4043,139.71,0,0
TXN000328,38,874,229.38,14,Saturday,grocery,purchase,web,0,1,1,1,3,47.87,4.7913,24.82,1,0
TXN000329,24,653,169.43,0,Thursday,travel,purchase,mobile_app,1,1,1,0,3,35.56,4.7651,104.77,0,0
TXN000330,32,475,36.28,5,Friday,digital_goods,purchase,atm,0,1,1,0,5,11.77,3.0819,42.96,1,0
TXN000331,59,1976,31.57,3,Saturday,travel,purchase,web,1,0,1,0,5,13.25,2.383,152.96,0,1
TXN000332,47,1122,10.15,4,Sunday,grocery,bill_payment,mobile_app,0,1,1,0,5,11.34,0.8951,9.1,0,0
TXN000333,30,1037,123.11,2,Wednesday,healthcare,purchase,web,0,1,1,0,6,55.88,2.2032,12.22,0,0
TXN000334,26,1140,14.15,18,Sunday,fuel,transfer,pos,0,1,0,0,8,15.95,0.8876,5.68,1,0
TXN000335,39,1100,32.64,11,Saturday,restaurant,purchase,web,0,1,1,1,10,105.01,0.3108,69.49,0,0
TXN000336,23,679,122.01,16,Monday,digital_goods,purchase,web,0,1,1,0,8,43.46,2.8075,21.48,1,0
TXN000337,30,461,76.47,23,Wednesday,restaurant,bill_payment,pos,0,1,1,1,3,35.67,2.1442,74.98,1,0
TXN000338,43,888,21.54,15,Tuesday,healthcare,purchase,mobile_app,0,1,1,0,3,23.16,0.93,27.65,1,0
TXN000339,54,669,26.2,11,Friday,digital_goods,purchase,web,0,1,0,0,6,66.55,0.3937,17.09,0,0
TXN000340,47,122,14.86,6,Thursday,electronics,purchase,web,0,1,0,0,12,23.83,0.6237,20.45,0,0
TXN000341,18,336,5.36,18,Thursday,travel,purchase,mobile_app,0,1,1,0,7,20.92,0.2563,26.91,0,0
TXN000342,43,606,187.93,12,Saturday,electronics,purchase,pos,0,1,1,2,7,100.04,1.8785,9.39,1,0
TXN000343,40,1504,16.46,18,Wednesday,fuel,cash_withdrawal,web,0,1,1,1,4,54.89,0.2999,6.61,1,0
TXN000344,44,891,41.99,0,Wednesday,fuel,purchase,mobile_app,0,1,1,1,5,35.9,1.1694,51.21,0,0
TXN000345,60,395,34.97,3,Saturday,restaurant,transfer,mobile_app,0,1,1,0,6,67.48,0.5182,16.29,0,0
TXN000346,18,310,14.57,3,Sunday,healthcare,purchase,pos,0,1,0,1,9,42.8,0.3405,76.3,1,0
TXN000347,31,1720,63.27,16,Saturday,restaurant,purchase,pos,0,1,1,0,7,56.02,1.1293,35.95,1,0
TXN000348,47,703,17.66,12,Tuesday,fashion,purchase,mobile_app,0,1,0,1,8,23.61,0.748,15.12,0,0
TXN000349,18,22,328.38,7,Monday,fuel,purchase,web,0,1,1,0,5,188.8,1.7393,97.74,0,0
TXN000350,58,737,10.7,7,Tuesday,restaurant,transfer,mobile_app,0,1,1,0,6,28.01,0.3819,53.13,0,0
TXN000351,44,1293,71.88,14,Thursday,grocery,purchase,atm,0,1,0,0,8,130.36,0.5514,4.61,1,0
TXN000352,50,301,6.33,23,Tuesday,fuel,purchase,web,1,0,1,0,7,37.11,0.1705,45.3,0,0
TXN000353,32,843,15.0,23,Sunday,fuel,purchase,mobile_app,0,1,1,0,7,76.03,0.1974,18.75,0,0
TXN000354,50,901,250.47,11,Friday,grocery,purchase,web,0,1,1,0,4,72.14,3.4719,88.83,0,0
TXN000355,53,318,414.02,16,Wednesday,fashion,cash_withdrawal,pos,0,1,1,0,8,97.1,4.2639,2.79,0,0
TXN000356,42,1824,23.61,2,Tuesday,restaurant,purchase,mobile_app,0,1,1,0,4,23.21,1.0169,30.97,0,0
TXN000357,42,912,48.49,22,Wednesday,travel,purchase,mobile_app,0,1,1,0,7,92.25,0.5256,19.91,0,0
TXN000358,43,603,123.29,0,Thursday,digital_goods,purchase,pos,0,1,0,0,5,160.68,0.7673,29.48,1,0
TXN000359,28,707,62.97,8,Friday,travel,cash_withdrawal,mobile_app,0,1,1,0,8,35.29,1.7842,16.05,0,0
TXN000360,37,265,28.63,17,Monday,fuel,cash_withdrawal,web,0,1,0,0,6,43.6,0.6568,10.86,0,0
TXN000361,37,255,32.92,23,Saturday,fuel,purchase,web,0,1,0,0,4,29.17,1.1287,41.89,0,0
TXN000362,44,560,31.23,4,Monday,grocery,purchase,mobile_app,1,0,1,1,6,33.13,0.9425,71.82,0,0
TXN000363,52,588,92.08,15,Tuesday,restaurant,cash_withdrawal,mobile_app,1,1,1,0,3,145.8,0.6316,141.95,0,0
TXN000364,25,672,13.44,4,Sunday,electronics,purchase,mobile_app,0,1,1,0,9,20.63,0.6513,13.71,0,0
TXN000365,37,1929,25.35,1,Tuesday,grocery,purchase,mobile_app,0,1,1,0,9,21.58,1.1749,33.98,0,0
TXN000366,58,1246,63.85,10,Monday,fuel,purchase,web,0,1,1,0,1,135.62,0.4708,4.24,0,0
TXN000367,29,146,87.79,13,Friday,grocery,purchase,pos,1,0,1,0,5,66.66,1.3169,109.25,1,0
TXN000368,28,1695,132.57,6,Wednesday,healthcare,purchase,mobile_app,1,1,0,0,9,195.72,0.6774,24.18,0,0
TXN000369,42,557,32.05,23,Monday,travel,purchase,atm,0,1,0,0,2,30.74,1.0426,9.33,1,1
TXN000370,50,1328,119.99,14,Monday,electronics,purchase,web,0,1,1,0,3,46.57,2.5766,72.31,0,0
TXN000371,39,592,22.27,10,Monday,digital_goods,purchase,mobile_app,0,1,1,1,9,26.43,0.8427,0.53,0,0
TXN000372,56,871,86.96,11,Thursday,restaurant,purchase,web,0,1,1,0,7,47.14,1.8446,19.38,0,0
TXN000373,50,284,3.1,11,Tuesday,fuel,purchase,mobile_app,0,1,0,0,6,11.85,0.2618,4.83,0,0
TXN000374,50,1013,47.21,2,Saturday,fashion,purchase,web,0,1,1,0,3,69.63,0.678,26.2,0,0
TXN000375,46,1431,52.08,14,Saturday,digital_goods,purchase,mobile_app,0,1,0,1,4,53.67,0.9704,11.32,0,0
TXN000376,69,178,154.99,18,Tuesday,grocery,transfer,atm,0,1,0,0,3,40.8,3.7992,5.3,1,0
TXN000377,36,1446,7.45,10,Wednesday,grocery,bill_payment,pos,0,1,1,0,6,32.1,0.232,16.26,1,0
TXN000378,18,460,19.82,10,Tuesday,healthcare,purchase,mobile_app,0,1,0,1,9,22.33,0.8876,8.55,0,0
TXN000379,60,2335,194.96,21,Wednesday,grocery,purchase,pos,0,1,1,0,4,71.8,2.7151,8.96,1,0
TXN000380,33,1345,9.89,14,Tuesday,fashion,purchase,mobile_app,0,1,1,0,7,18.3,0.5405,37.92,0,0
TXN000381,40,1191,50.17,7,Saturday,fuel,transfer,mobile_app,0,1,1,0,4,61.47,0.8161,3.94,0,0
TXN000382,56,710,228.71,0,Wednesday,restaurant,purchase,mobile_app,0,1,1,0,5,189.35,1.2079,27.54,0,0
TXN000383,18,3558,134.62,19,Thursday,fashion,purchase,pos,0,1,1,0,9,123.91,1.0864,19.2,1,0
TXN000384,23,559,42.25,15,Friday,healthcare,cash_withdrawal,atm,0,1,1,1,7,14.39,2.9369,10.83,1,0
TXN000385,18,343,37.96,15,Saturday,grocery,purchase,pos,0,1,1,0,7,28.89,1.3138,37.6,1,0
TXN000386,29,473,142.51,6,Wednesday,fuel,purchase,atm,0,1,1,1,4,57.6,2.4744,77.14,1,0
TXN000387,45,1605,29.67,4,Tuesday,fashion,purchase,web,0,1,1,0,8,40.42,0.734,21.72,0,0
TXN000388,46,859,8.66,11,Sunday,electronics,purchase,pos,1,1,1,0,8,15.52,0.5581,88.21,1,0
TXN000389,43,769,45.37,18,Wednesday,digital_goods,cash_withdrawal,pos,0,1,1,1,6,56.12,0.8085,6.3,1,0
TXN000390,21,566,17.43,7,Friday,restaurant,purchase,pos,0,1,1,0,5,42.22,0.4129,4.24,1,0
TXN000391,18,740,227.34,12,Friday,grocery,cash_withdrawal,web,0,1,1,0,5,168.73,1.3473,19.91,0,0
TXN000392,40,535,25.53,23,Thursday,digital_goods,purchase,pos,1,0,0,0,6,35.43,0.7205,205.81,1,1
TXN000393,33,1268,57.82,5,Tuesday,healthcare,purchase,mobile_app,0,0,1,1,7,98.59,0.5864,1.91,0,0
TXN000394,45,660,23.26,5,Tuesday,grocery,transfer,pos,0,1,1,0,6,17.08,1.3621,31.37,0,1
TXN000395,48,480,8.47,5,Thursday,fashion,transfer,pos,0,1,1,0,7,20.28,0.4175,4.28,1,0
TXN000396,41,1517,118.43,21,Thursday,electronics,bill_payment,atm,0,1,0,0,9,71.49,1.6566,32.49,0,0
TXN000397,49,352,62.54,12,Saturday,grocery,cash_withdrawal,mobile_app,0,1,1,1,8,92.79,0.6741,56.54,0,0
TXN000398,42,868,46.77,22,Friday,electronics,purchase,mobile_app,0,1,1,0,5,21.34,2.1914,29.35,0,0
TXN000399,46,121,31.02,22,Sunday,digital_goods,purchase,pos,0,1,1,0,9,43.26,0.7169,3.34,1,0
TXN000400,30,235,23.58,10,Sunday,grocery,purchase,pos,0,1,1,1,5,15.73,1.4993,98.28,0,0
TXN000401,37,607,40.4,1,Saturday,grocery,purchase,pos,0,1,1,0,3,37.32,1.0825,23.53,1,0
TXN000402,42,528,126.24,7,Monday,fashion,purchase,pos,0,0,1,0,11,77.68,1.6252,21.74,1,0
TXN000403,50,527,32.01,13,Wednesday,restaurant,purchase,web,0,1,1,1,2,31.09,1.0296,18.74,0,0
TXN000404,34,1353,10.21,9,Friday,grocery,purchase,pos,0,1,1,0,7,35.54,0.2872,10.48,1,0
TXN000405,46,1406,37.07,0,Friday,electronics,transfer,mobile_app,0,1,1,0,3,18.85,1.9666,6.94,0,0
TXN000406,36,991,23.81,23,Tuesday,fashion,purchase,mobile_app,0,1,1,0,6,26.66,0.893,4.77,1,0
TXN000407,37,336,253.23,7,Friday,fuel,purchase,web,0,1,1,0,7,150.78,1.6794,17.03,0,0
TXN000408,50,736,70.07,14,Wednesday,fashion,transfer,mobile_app,0,0,1,0,9,44.81,1.5636,31.04,0,0
TXN000409,18,2547,11.26,22,Wednesday,grocery,purchase,web,0,1,1,0,6,20.66,0.5451,7.89,0,0
TXN000410,22,3340,16.69,13,Saturday,restaurant,purchase,pos,0,1,1,0,5,33.9,0.4923,27.81,1,0
TXN000411,20,1527,20.53,16,Thursday,fashion,purchase,mobile_app,0,1,1,0,6,13.46,1.5248,15.8,0,0
TXN000412,18,348,15.67,0,Thursday,electronics,transfer,atm,0,1,1,0,6,20.49,0.7646,19.72,1,0
TXN000413,30,741,211.38,16,Friday,grocery,transfer,mobile_app,0,1,1,0,4,113.23,1.8668,45.23,1,0
TXN000414,49,945,32.11,20,Friday,travel,purchase,pos,1,1,1,1,7,38.38,0.8367,174.23,1,0
TXN000415,35,847,329.7,22,Tuesday,travel,purchase,mobile_app,0,1,1,0,7,165.89,1.9875,33.21,0,0
TXN000416,42,1634,51.22,2,Friday,grocery,purchase,atm,0,1,1,1,10,39.7,1.2902,105.86,1,1
TXN000417,53,1313,48.49,5,Wednesday,healthcare,purchase,web,0,1,1,1,3,41.43,1.1704,8.0,0,0
TXN000418,56,331,49.02,1,Friday,restaurant,transfer,mobile_app,0,1,1,0,6,67.45,0.7267,42.19,0,0
TXN000419,38,490,9.0,22,Tuesday,fuel,cash_withdrawal,mobile_app,0,1,1,0,4,8.0,1.1245,32.61,0,0
TXN000420,57,1523,110.65,6,Sunday,grocery,transfer,mobile_app,0,1,1,1,8,49.28,2.2453,32.49,0,0
TXN000421,40,1970,37.55,12,Saturday,fuel,bill_payment,mobile_app,0,0,1,0,7,41.05,0.9148,25.04,0,0
TXN000422,28,954,172.84,11,Wednesday,restaurant,purchase,mobile_app,0,1,1,0,3,123.96,1.3944,29.94,0,0
TXN000423,31,2129,83.76,16,Wednesday,healthcare,transfer,mobile_app,0,1,1,0,7,85.16,0.9835,16.32,0,0
TXN000424,20,879,19.56,21,Wednesday,restaurant,cash_withdrawal,atm,0,1,0,0,7,18.8,1.0405,22.09,1,0
TXN000425,27,385,342.13,7,Saturday,fashion,purchase,mobile_app,0,1,0,0,7,103.99,3.2899,50.54,0,0
TXN000426,34,1234,79.55,18,Friday,electronics,transfer,mobile_app,0,1,1,0,4,35.2,2.2597,11.84,0,0
TXN000427,49,4275,22.33,6,Friday,fuel,cash_withdrawal,mobile_app,1,0,1,0,9,22.17,1.0072,259.46,0,1
TXN000428,61,267,54.4,4,Sunday,healthcare,bill_payment,web,0,1,1,0,5,49.0,1.1101,30.78,0,0
TXN000429,21,2078,21.09,2,Thursday,fuel,purchase,web,0,1,0,0,5,36.75,0.5739,28.42,0,0
TXN000430,44,1187,108.11,8,Friday,fashion,purchase,atm,0,1,1,1,6,128.73,0.8398,15.7,1,0
TXN000431,25,466,64.59,13,Thursday,digital_goods,transfer,web,0,1,1,0,5,54.34,1.1886,31.54,0,0
TXN000432,45,124,86.53,18,Friday,healthcare,purchase,web,0,1,0,0,7,49.31,1.755,31.26,0,0
TXN000433,37,74,132.68,20,Thursday,electronics,cash_withdrawal,web,1,0,1,0,5,81.33,1.6314,236.8,0,1
TXN000434,18,526,39.97,12,Saturday,grocery,purchase,mobile_app,0,0,0,0,4,93.4,0.428,117.35,0,0
TXN000435,51,1058,143.68,9,Monday,restaurant,purchase,atm,0,1,1,0,6,74.75,1.9221,30.98,1,0
TXN000436,31,1450,105.44,4,Tuesday,healthcare,purchase,mobile_app,0,1,1,1,13,118.16,0.8923,45.69,0,1
TXN000437,32,1676,30.8,21,Wednesday,restaurant,transfer,pos,0,1,0,0,8,65.91,0.4674,30.35,1,0
TXN000438,25,994,119.45,9,Sunday,travel,purchase,web,0,1,1,0,8,47.98,2.4898,20.05,0,0
TXN000439,30,888,283.09,18,Thursday,restaurant,cash_withdrawal,atm,0,1,1,2,5,103.77,2.728,32.83,1,0
TXN000440,45,622,45.81,15,Wednesday,grocery,cash_withdrawal,web,0,1,1,1,3,39.83,1.1502,19.69,0,0
TXN000441,37,1076,69.01,22,Wednesday,grocery,cash_withdrawal,pos,0,1,1,1,5,43.55,1.5846,23.33,1,0
TXN000442,43,472,242.77,23,Thursday,grocery,purchase,web,0,1,1,1,3,146.87,1.653,21.5,0,0
TXN000443,44,280,355.22,16,Saturday,grocery,purchase,web,0,1,1,0,7,136.7,2.5986,21.77,0,0
TXN000444,56,849,67.92,15,Sunday,fashion,transfer,pos,0,1,1,0,8,42.27,1.6067,12.05,1,0
TXN000445,35,1377,11.22,3,Saturday,travel,purchase,web,0,1,1,0,5,30.67,0.3657,42.39,0,0
TXN000446,20,227,493.02,0,Saturday,grocery,purchase,web,0,1,1,1,4,121.93,4.0433,32.05,0,0
TXN000447,53,526,155.02,13,Tuesday,restaurant,bill_payment,mobile_app,0,1,0,0,6,75.66,2.0488,11.59,0,0
TXN000448,35,827,35.18,16,Tuesday,travel,purchase,mobile_app,0,1,0,0,3,53.37,0.6591,20.97,0,0
TXN000449,53,814,15.29,17,Friday,travel,purchase,pos,0,1,1,0,6,33.73,0.4532,7.49,1,0
TXN000450,44,1166,73.87,6,Friday,electronics,bill_payment,mobile_app,0,1,0,0,7,53.99,1.3682,26.7,0,0
TXN000451,37,2501,32.59,12,Tuesday,grocery,purchase,mobile_app,0,1,1,0,7,41.86,0.7785,50.23,0,0
TXN000452,44,75,31.79,20,Saturday,fuel,purchase,mobile_app,1,0,1,0,6,26.36,1.2063,152.26,0,0
TXN000453,64,2572,75.8,2,Tuesday,grocery,purchase,pos,0,1,1,0,6,46.66,1.6246,41.67,1,0
TXN000454,66,2430,32.57,9,Tuesday,electronics,transfer,web,0,1,0,0,5,51.48,0.6326,21.89,0,1
TXN000455,40,1466,13.82,22,Wednesday,grocery,transfer,web,0,1,1,1,3,32.45,0.4259,17.32,0,0
TXN000456,41,941,102.36,4,Saturday,travel,transfer,pos,0,1,1,0,5,81.51,1.2558,10.86,1,0
TXN000457,53,480,69.68,7,Saturday,grocery,bill_payment,mobile_app,0,1,0,1,9,107.55,0.6479,19.04,0,1
TXN000458,28,1454,90.33,11,Thursday,travel,purchase,pos,0,1,1,0,6,85.48,1.0567,42.69,1,0
TXN000459,43,976,12.6,16,Saturday,electronics,purchase,atm,0,1,1,0,5,34.85,0.3616,29.84,1,0
TXN000460,39,633,58.13,6,Saturday,grocery,purchase,web,0,1,1,0,4,73.27,0.7933,8.92,0,1
TXN000461,43,1429,71.59,19,Wednesday,digital_goods,transfer,pos,0,1,1,0,6,44.98,1.5916,33.3,1,0
TXN000462,28,1596,25.7,5,Saturday,electronics,bill_payment,pos,0,1,1,1,5,17.47,1.4715,25.81,1,0
TXN000463,18,1961,37.22,8,Tuesday,grocery,purchase,mobile_app,0,1,1,0,9,69.02,0.5392,7.62,0,0
TXN000464,18,437,19.38,13,Thursday,restaurant,transfer,mobile_app,0,1,1,1,2,47.24,0.4102,5.43,0,0
TXN000465,24,1798,264.73,0,Monday,grocery,cash_withdrawal,pos,0,1,1,0,6,275.16,0.9621,5.13,1,0
TXN000466,33,642,172.98,18,Thursday,fashion,purchase,web,0,1,0,0,6,121.42,1.4247,44.96,0,0
TXN000467,35,943,90.36,16,Thursday,grocery,purchase,web,0,1,1,0,8,70.95,1.2734,7.77,1,0
TXN000468,64,1077,33.47,20,Monday,restaurant,bill_payment,mobile_app,0,1,1,0,3,50.88,0.6579,17.7,0,0
TXN000469,53,1704,56.39,6,Thursday,healthcare,purchase,pos,0,1,1,0,4,47.84,1.1787,31.39,1,0
TXN000470,26,1332,57.92,9,Friday,grocery,purchase,atm,0,1,0,1,5,20.64,2.8058,29.96,1,0
TXN000471,44,624,13.41,21,Friday,electronics,bill_payment,pos,0,1,0,1,3,12.16,1.1026,29.96,0,0
TXN000472,34,89,6.66,1,Monday,fuel,purchase,web,0,1,1,0,8,22.69,0.2935,6.72,1,0
TXN000473,35,1156,45.24,11,Monday,healthcare,purchase,pos,0,1,1,0,4,41.09,1.1011,31.85,1,0
TXN000474,41,915,38.69,11,Wednesday,travel,cash_withdrawal,web,0,1,1,0,3,9.34,4.1439,16.99,0,0
TXN000475,47,264,10.82,10,Saturday,fuel,purchase,atm,0,1,1,0,5,28.73,0.3765,23.84,1,0
TXN000476,35,995,34.57,10,Saturday,grocery,purchase,atm,0,1,1,0,3,35.58,0.9718,22.85,1,0
TXN000477,53,819,29.43,17,Wednesday,fuel,purchase,web,0,1,1,0,9,36.41,0.8082,19.89,0,0
TXN000478,24,1948,26.91,4,Friday,electronics,transfer,web,1,0,1,0,7,26.41,1.0192,179.85,0,1
TXN000479,39,2685,36.38,21,Friday,fuel,purchase,mobile_app,1,0,1,0,4,33.25,1.094,69.57,0,0
TXN000480,73,1570,317.98,21,Sunday,grocery,cash_withdrawal,mobile_app,0,1,1,1,10,147.11,2.1615,149.01,0,0
TXN000481,42,784,69.25,4,Monday,restaurant,transfer,atm,0,1,1,0,8,68.49,1.0111,65.7,1,0
TXN000482,58,874,67.78,23,Thursday,electronics,purchase,mobile_app,0,1,1,0,8,28.41,2.386,3.37,1,0
TXN000483,40,424,35.38,6,Friday,fuel,transfer,atm,0,1,1,0,2,40.48,0.874,21.65,1,0
TXN000484,47,494,30.8,1,Wednesday,fashion,transfer,mobile_app,0,1,1,0,11,41.66,0.7393,61.72,0,0
TXN000485,38,751,14.37,9,Monday,digital_goods,bill_payment,mobile_app,0,1,1,0,7,24.46,0.5875,19.32,0,0
TXN000486,37,693,6.28,19,Monday,healthcare,purchase,atm,0,1,1,0,7,24.44,0.2571,15.75,1,0
TXN000487,29,249,102.12,20,Thursday,restaurant,purchase,mobile_app,0,1,1,1,7,88.02,1.1602,6.46,0,0
TXN000488,45,1961,131.19,15,Friday,fuel,cash_withdrawal,pos,0,1,1,0,9,31.43,4.174,5.7,1,0
TXN000489,28,2141,25.58,19,Friday,grocery,bill_payment,pos,0,1,1,0,7,19.33,1.323,41.13,1,0
TXN000490,48,1920,64.29,6,Tuesday,digital_goods,bill_payment,web,0,1,0,0,7,41.22,1.5596,24.28,0,0
TXN000491,53,2188,32.71,21,Saturday,fuel,purchase,web,0,1,1,0,11,46.29,0.7065,1.15,0,0
TXN000492,44,3184,8.2,15,Wednesday,restaurant,purchase,mobile_app,0,1,1,0,6,10.27,0.7978,51.54,0,0
TXN000493,35,431,79.81,3,Sunday,restaurant,purchase,pos,0,1,1,0,4,41.29,1.9327,57.12,1,0
TXN000494,45,3098,320.92,3,Monday,fashion,cash_withdrawal,mobile_app,1,0,1,0,8,79.44,4.0401,124.54,0,1
TXN000495,35,621,163.4,6,Saturday,digital_goods,transfer,pos,0,1,1,3,9,58.84,2.7769,22.02,1,0
TXN000496,51,1278,359.68,1,Sunday,digital_goods,transfer,pos,0,1,0,0,6,211.76,1.6986,67.15,1,0
TXN000497,18,193,102.12,6,Saturday,restaurant,purchase,mobile_app,0,1,1,0,7,104.67,0.9756,17.29,1,0
TXN000498,35,560,133.52,23,Saturday,travel,bill_payment,atm,1,0,1,0,5,120.69,1.1063,192.25,1,0
TXN000499,18,1600,176.54,5,Wednesday,healthcare,purchase,web,0,1,1,0,5,319.28,0.5529,41.38,0,0
TXN000500,20,1320,24.61,15,Friday,fuel,purchase,web,0,1,1,2,5,73.4,0.3353,55.57,0,0
TXN000501,57,612,20.21,23,Friday,restaurant,purchase,mobile_app,0,1,1,0,5,47.82,0.4226,25.32,0,0
TXN000502,51,874,84.52,6,Thursday,fuel,purchase,atm,0,1,1,2,5,85.72,0.986,7.75,1,0
TXN000503,30,513,21.91,16,Sunday,fuel,transfer,mobile_app,0,1,1,0,7,28.43,0.7709,61.5,0,0
TXN000504,19,1597,15.17,10,Wednesday,fashion,purchase,pos,0,1,1,0,2,45.95,0.3302,14.86,1,0
TXN000505,18,2047,24.7,6,Wednesday,restaurant,purchase,web,0,1,1,0,7,26.67,0.926,9.42,0,0
TXN000506,32,432,42.83,22,Sunday,digital_goods,purchase,atm,0,1,1,0,8,56.63,0.7563,24.98,1,0
TXN000507,70,810,10.87,15,Wednesday,digital_goods,purchase,pos,0,1,0,0,11,26.59,0.4088,17.71,1,0
TXN000508,45,239,18.89,10,Tuesday,restaurant,cash_withdrawal,atm,0,1,0,0,6,25.93,0.7287,38.45,1,0
TXN000509,32,973,43.23,19,Wednesday,grocery,purchase,web,0,1,1,0,7,57.27,0.755,104.73,1,0
TXN000510,45,1187,23.5,21,Saturday,fuel,purchase,web,0,1,1,1,8,38.51,0.6102,8.81,1,0
TXN000511,19,1031,19.68,18,Saturday,fuel,purchase,web,0,0,1,0,5,10.61,1.8537,43.69,1,0
TXN000512,35,1123,3.6,20,Monday,restaurant,transfer,mobile_app,0,1,1,0,6,14.91,0.2417,17.03,0,0
TXN000513,40,747,4.24,7,Friday,digital_goods,purchase,pos,0,1,1,1,6,18.62,0.2277,38.25,1,0
TXN000514,38,761,21.47,8,Friday,grocery,purchase,mobile_app,1,0,1,0,3,22.52,0.9535,30.44,0,0
TXN000515,49,734,58.42,5,Friday,electronics,purchase,web,0,1,1,0,3,57.3,1.0194,14.13,0,0
TXN000516,43,546,63.35,16,Friday,digital_goods,purchase,pos,0,1,0,0,4,49.78,1.2726,44.74,1,0
TXN000517,48,602,59.08,19,Sunday,healthcare,purchase,mobile_app,0,1,1,1,7,91.56,0.6453,15.68,0,0
TXN000518,30,1150,35.91,15,Wednesday,restaurant,purchase,pos,0,1,0,0,4,73.11,0.4912,9.69,0,0
TXN000519,51,1963,87.05,14,Wednesday,grocery,cash_withdrawal,mobile_app,0,1,1,0,6,92.0,0.9462,42.32,0,0
TXN000520,60,369,45.61,18,Friday,restaurant,purchase,mobile_app,0,1,0,0,4,65.89,0.6922,9.62,1,0
TXN000521,26,758,143.7,4,Thursday,restaurant,purchase,atm,0,1,1,1,6,49.45,2.906,40.83,1,0
TXN000522,27,302,70.67,8,Thursday,restaurant,bill_payment,web,0,1,1,1,3,93.83,0.7532,23.39,0,0
TXN000523,56,554,75.47,16,Monday,electronics,purchase,pos,0,1,1,0,1,82.43,0.9155,24.75,1,0
TXN000524,37,631,315.16,1,Tuesday,electronics,purchase,web,0,1,1,1,3,55.75,5.6536,8.4,0,1
TXN000525,57,925,87.79,21,Sunday,fuel,purchase,mobile_app,0,1,1,1,8,106.18,0.8268,25.81,0,0
TXN000526,33,907,11.36,4,Monday,fuel,purchase,mobile_app,1,0,1,0,6,8.0,1.4197,189.75,0,1
TXN000527,58,805,52.26,18,Friday,fuel,purchase,web,0,1,1,1,7,34.5,1.5149,69.48,0,0
TXN000528,41,1086,54.95,14,Saturday,travel,transfer,web,0,1,1,0,5,34.12,1.6106,5.53,0,0
TXN000529,42,401,114.25,20,Monday,travel,purchase,mobile_app,0,1,0,0,9,97.51,1.1717,52.94,0,0
TXN000530,59,931,144.17,18,Tuesday,travel,cash_withdrawal,web,0,1,1,0,6,131.82,1.0937,56.29,0,0
TXN000531,34,1345,15.3,12,Wednesday,healthcare,bill_payment,pos,0,1,1,0,7,14.97,1.0225,32.92,1,0
TXN000532,27,397,73.8,18,Thursday,travel,purchase,web,0,1,1,0,9,117.45,0.6283,66.69,0,0
TXN000533,33,155,22.0,8,Wednesday,fuel,cash_withdrawal,atm,0,1,1,1,3,18.29,1.2025,17.99,1,0
TXN000534,45,1589,76.63,14,Friday,restaurant,purchase,mobile_app,0,1,1,0,5,18.7,4.0985,20.21,0,0
TXN000535,19,311,81.7,21,Tuesday,digital_goods,purchase,pos,0,1,1,0,6,35.92,2.2743,34.76,1,0
TXN000536,47,533,40.03,2,Monday,travel,transfer,mobile_app,0,1,1,0,4,33.81,1.1839,18.56,0,0
TXN000537,32,1320,24.39,8,Monday,restaurant,purchase,web,0,1,1,0,7,13.85,1.7616,5.65,0,0
TXN000538,54,379,34.54,0,Wednesday,digital_goods,bill_payment,mobile_app,0,1,1,0,9,67.89,0.5087,6.37,0,0
TXN000539,18,1517,54.69,12,Wednesday,grocery,purchase,mobile_app,0,1,0,0,3,69.35,0.7885,42.83,0,0
TXN000540,29,471,170.95,18,Sunday,fuel,purchase,mobile_app,0,1,0,2,3,90.82,1.8822,22.08,0,0
TXN000541,18,424,86.37,0,Monday,travel,purchase,mobile_app,0,1,1,0,3,31.12,2.7753,40.13,0,0
TXN000542,28,303,22.57,13,Thursday,healthcare,purchase,pos,0,1,1,1,11,41.33,0.5461,45.26,1,0
TXN000543,42,475,27.94,9,Friday,fashion,purchase,mobile_app,0,1,1,0,4,41.6,0.6715,18.19,0,0
TXN000544,37,1202,655.86,18,Friday,grocery,purchase,pos,0,0,0,0,5,143.36,4.5749,28.71,1,0
TXN000545,36,533,8.16,5,Friday,digital_goods,purchase,web,0,1,1,0,2,8.0,1.0195,5.37,0,0
TXN000546,37,1593,75.48,3,Monday,fashion,purchase,mobile_app,0,1,1,0,6,21.35,3.5354,12.05,0,0
TXN000547,42,829,47.13,2,Friday,restaurant,bill_payment,web,0,1,0,0,7,42.69,1.104,17.44,0,0
TXN000548,26,882,22.1,9,Wednesday,electronics,purchase,mobile_app,1,0,1,0,3,19.46,1.1357,211.94,0,0
TXN000549,48,413,26.95,11,Saturday,grocery,purchase,pos,0,1,1,1,7,35.3,0.7634,4.26,1,0
TXN000550,48,1749,72.81,22,Tuesday,fuel,transfer,mobile_app,0,1,1,0,4,38.83,1.8751,17.65,0,0
TXN000551,44,1353,66.96,11,Friday,restaurant,cash_withdrawal,pos,0,1,0,0,3,26.48,2.5284,9.74,0,1
TXN000552,46,1327,20.11,4,Friday,digital_goods,transfer,mobile_app,0,1,1,0,5,44.54,0.4515,97.31,0,0
TXN000553,43,715,49.33,16,Friday,electronics,bill_payment,mobile_app,1,1,1,1,5,66.84,0.738,212.58,0,0
TXN000554,65,269,65.94,1,Tuesday,fuel,purchase,mobile_app,0,1,1,0,3,35.87,1.8383,39.91,0,0
TXN000555,38,916,26.59,8,Friday,electronics,purchase,atm,0,1,0,0,1,30.68,0.8665,39.97,1,1
TXN000556,35,1168,25.16,15,Saturday,fuel,cash_withdrawal,web,0,1,1,0,6,37.74,0.6668,25.48,1,0
TXN000557,29,1176,83.22,6,Thursday,grocery,purchase,pos,0,1,1,0,1,42.29,1.9677,31.68,1,0
TXN000558,26,1070,25.57,14,Wednesday,travel,cash_withdrawal,mobile_app,0,1,0,1,14,12.15,2.1054,29.2,0,1
TXN000559,23,1040,40.8,10,Tuesday,grocery,purchase,mobile_app,0,1,1,0,7,59.28,0.6882,29.22,0,0
TXN000560,27,470,34.06,22,Wednesday,fuel,transfer,pos,0,1,1,0,6,30.73,1.1084,61.99,1,0
TXN000561,38,489,42.02,6,Saturday,electronics,cash_withdrawal,web,0,1,0,1,5,105.46,0.3985,23.18,0,0
TXN000562,43,306,32.49,21,Wednesday,fashion,purchase,pos,0,1,1,1,5,65.08,0.4992,41.11,1,0
TXN000563,40,1605,102.7,15,Friday,grocery,purchase,web,0,1,0,1,3,98.74,1.0402,7.22,0,0
TXN000564,29,2608,19.98,17,Saturday,restaurant,bill_payment,atm,0,1,0,1,9,20.53,0.973,20.03,1,0
TXN000565,51,4226,15.43,4,Friday,fuel,cash_withdrawal,mobile_app,0,1,1,0,6,32.54,0.4742,14.05,0,0
TXN000566,49,962,9.87,0,Friday,grocery,transfer,pos,0,1,1,0,6,17.38,0.5681,18.27,1,0
TXN000567,37,1041,11.31,17,Friday,grocery,transfer,mobile_app,0,1,0,0,5,25.59,0.4418,33.77,0,0
TXN000568,31,737,138.26,11,Thursday,electronics,purchase,pos,0,1,1,1,9,104.74,1.32,31.48,1,0
TXN000569,46,951,28.63,7,Tuesday,fuel,purchase,mobile_app,0,1,1,1,3,124.09,0.2307,18.4,0,0
TXN000570,41,378,8.54,21,Saturday,healthcare,purchase,pos,0,1,1,0,4,18.6,0.4592,12.4,1,0
TXN000571,20,726,7.6,7,Sunday,grocery,cash_withdrawal,pos,0,1,1,1,2,30.57,0.2487,46.77,1,0
TXN000572,38,427,51.77,10,Thursday,fashion,purchase,pos,1,0,1,0,1,40.25,1.2862,410.78,1,0
TXN000573,42,657,16.84,17,Sunday,fashion,purchase,web,0,1,1,1,12,64.82,0.2598,4.17,1,0
TXN000574,27,458,11.66,23,Sunday,fuel,bill_payment,web,0,1,1,0,7,11.98,0.9732,4.9,0,0
TXN000575,41,1168,41.53,21,Thursday,restaurant,purchase,pos,0,1,1,0,4,13.41,3.0971,13.9,1,0
TXN000576,20,1269,191.98,15,Saturday,healthcare,transfer,web,0,1,1,0,7,60.49,3.1736,2.33,0,0
TXN000577,56,1019,2.71,2,Friday,restaurant,purchase,atm,0,1,1,0,7,10.45,0.2592,5.88,1,0
TXN000578,55,490,36.35,2,Tuesday,digital_goods,purchase,mobile_app,0,1,1,0,5,30.82,1.1792,26.21,0,0
TXN000579,36,287,22.3,16,Monday,electronics,purchase,web,0,1,1,1,9,47.78,0.4667,31.29,0,0
TXN000580,44,1278,23.11,12,Thursday,digital_goods,cash_withdrawal,mobile_app,1,1,1,0,8,57.36,0.4029,109.49,0,0
TXN000581,18,825,33.66,3,Saturday,healthcare,transfer,atm,1,0,1,0,5,38.4,0.8766,146.98,1,1
TXN000582,24,148,75.27,16,Wednesday,digital_goods,purchase,mobile_app,0,1,1,0,9,32.68,2.3034,14.35,0,0
TXN000583,35,911,114.42,22,Saturday,electronics,purchase,web,0,1,1,0,6,78.11,1.4649,11.2,0,0
TXN000584,25,1047,29.68,1,Friday,digital_goods,purchase,pos,0,1,0,2,7,52.21,0.5684,39.11,0,0
TXN000585,48,205,42.17,19,Friday,grocery,purchase,web,0,1,1,0,9,26.69,1.5803,41.55,0,0
TXN000586,65,1182,8.26,8,Wednesday,fuel,purchase,pos,0,1,1,0,3,43.69,0.1891,18.84,1,0
TXN000587,24,237,30.99,9,Thursday,travel,purchase,mobile_app,1,0,1,0,4,56.03,0.5532,29.02,0,0
TXN000588,28,448,77.01,17,Tuesday,fuel,transfer,web,0,1,1,0,3,146.52,0.5256,11.25,0,0
TXN000589,42,238,75.38,5,Tuesday,restaurant,cash_withdrawal,web,0,1,0,1,2,74.9,1.0064,20.6,0,0
TXN000590,60,410,83.8,3,Monday,grocery,purchase,web,0,1,1,0,3,101.95,0.822,18.79,0,0
TXN000591,23,289,23.54,23,Monday,electronics,transfer,atm,0,1,0,1,6,27.4,0.8591,36.09,1,0
TXN000592,42,1598,24.45,8,Tuesday,grocery,purchase,mobile_app,1,1,1,0,5,29.15,0.8388,32.28,1,0
TXN000593,63,687,34.7,4,Friday,restaurant,bill_payment,web,0,1,1,1,4,35.89,0.9667,32.63,0,0
TXN000594,18,581,53.81,16,Thursday,digital_goods,purchase,mobile_app,0,1,1,0,5,38.35,1.4034,21.17,0,0
TXN000595,22,1698,21.8,5,Tuesday,fashion,purchase,atm,0,1,1,0,3,20.58,1.0592,94.56,1,0
TXN000596,33,1642,82.0,18,Saturday,fashion,cash_withdrawal,pos,0,1,1,0,6,105.79,0.7751,20.18,1,0
TXN000597,32,617,102.03,1,Thursday,digital_goods,purchase,mobile_app,1,0,1,0,13,80.32,1.2703,114.09,0,0
TXN000598,50,1006,58.83,12,Sunday,travel,transfer,web,0,1,1,1,6,34.12,1.7243,59.84,0,0
TXN000599,42,521,43.02,9,Friday,restaurant,bill_payment,web,0,1,1,0,6,67.49,0.6374,18.86,0,0
TXN000600,18,767,45.5,22,Monday,restaurant,cash_withdrawal,atm,0,1,1,3,9,49.92,0.9114,31.25,1,0
TXN000601,46,338,156.78,12,Sunday,grocery,purchase,mobile_app,0,1,1,2,7,71.4,2.1959,50.0,0,0
TXN000602,31,1108,6.95,22,Saturday,fuel,purchase,web,1,1,1,0,6,16.15,0.43,27.76,0,0
TXN000603,56,1742,133.55,5,Friday,fashion,purchase,pos,1,0,1,0,5,38.29,3.4882,195.64,1,0
TXN000604,31,1546,14.79,11,Thursday,fuel,purchase,web,0,1,1,0,3,40.78,0.3627,43.04,0,0
TXN000605,31,853,49.42,19,Thursday,fashion,bill_payment,pos,1,1,0,0,4,66.62,0.7418,106.71,1,0
TXN000606,46,133,12.98,3,Thursday,grocery,purchase,mobile_app,0,1,1,0,10,27.05,0.4799,8.59,0,0
TXN000607,49,502,36.77,22,Saturday,fashion,purchase,pos,0,1,1,0,8,8.0,4.5966,5.83,1,0
TXN000608,45,766,12.92,18,Thursday,electronics,purchase,mobile_app,0,1,1,0,3,19.51,0.6621,13.93,0,0
TXN000609,18,256,26.99,16,Tuesday,digital_goods,bill_payment,mobile_app,0,1,0,0,8,40.69,0.6632,10.15,0,0
TXN000610,46,215,32.43,5,Monday,electronics,bill_payment,web,0,1,0,0,7,44.52,0.7284,38.83,0,0
TXN000611,26,2056,145.64,19,Monday,restaurant,purchase,web,0,1,1,0,5,142.92,1.019,10.94,0,0
TXN000612,42,1429,48.57,20,Tuesday,restaurant,purchase,atm,0,1,1,0,8,64.69,0.7509,13.04,1,0
TXN000613,20,1167,38.98,7,Wednesday,electronics,transfer,mobile_app,0,1,1,0,7,45.09,0.8644,12.03,0,0
TXN000614,45,1321,3.11,14,Sunday,travel,purchase,mobile_app,0,1,1,0,5,41.54,0.0749,33.67,0,0
TXN000615,29,298,93.33,1,Tuesday,grocery,bill_payment,pos,0,1,1,0,6,94.16,0.9912,41.59,1,0
TXN000616,22,398,26.79,9,Wednesday,fuel,transfer,mobile_app,0,1,1,1,7,27.8,0.9635,20.92,0,0
TXN000617,48,964,77.23,3,Tuesday,digital_goods,transfer,atm,0,1,1,1,10,38.44,2.0093,20.04,1,1
TXN000618,42,1017,47.38,13,Thursday,electronics,purchase,atm,0,1,1,2,3,19.41,2.4413,23.42,1,0
TXN000619,31,242,98.15,13,Friday,restaurant,cash_withdrawal,mobile_app,1,0,1,0,7,118.11,0.831,52.46,0,0
TXN000620,58,916,96.57,12,Thursday,digital_goods,bill_payment,atm,0,0,1,0,4,56.41,1.712,36.14,1,0
TXN000621,33,776,11.0,16,Sunday,restaurant,purchase,pos,0,1,1,0,5,25.55,0.4304,34.35,1,0
TXN000622,39,1514,64.72,22,Sunday,digital_goods,transfer,pos,0,1,1,0,2,39.16,1.6528,7.94,1,0
TXN000623,42,1020,38.66,4,Saturday,restaurant,purchase,mobile_app,0,1,1,1,10,61.37,0.6299,1.7,0,0
TXN000624,31,2208,14.39,5,Saturday,restaurant,bill_payment,web,1,0,1,0,5,35.5,0.4054,115.68,0,0
TXN000625,45,620,24.08,5,Wednesday,grocery,cash_withdrawal,pos,0,0,1,1,6,28.94,0.8322,5.48,1,0
TXN000626,32,316,69.22,22,Friday,grocery,purchase,web,0,1,0,0,4,26.55,2.6074,30.63,0,0
TXN000627,34,2170,58.81,2,Wednesday,fuel,purchase,mobile_app,0,1,1,0,5,54.27,1.0836,24.9,0,0
TXN000628,57,1057,91.81,0,Saturday,digital_goods,purchase,mobile_app,0,1,0,0,7,32.86,2.794,20.0,0,0
TXN000629,25,780,17.02,3,Tuesday,grocery,purchase,atm,1,0,1,0,9,30.67,0.5548,65.23,0,1
TXN000630,18,411,32.87,18,Tuesday,digital_goods,transfer,pos,0,1,1,0,6,16.25,2.0227,40.78,1,0
TXN000631,60,625,26.74,13,Monday,travel,purchase,pos,0,1,0,0,5,44.97,0.5948,32.5,1,0
TXN000632,72,600,41.75,22,Friday,restaurant,bill_payment,pos,0,1,1,0,7,37.32,1.1188,7.24,1,0
TXN000633,34,304,37.5,4,Friday,digital_goods,purchase,mobile_app,0,0,1,0,5,33.73,1.1118,25.65,0,0
TXN000634,18,91,75.14,9,Monday,digital_goods,cash_withdrawal,web,0,1,0,0,6,49.06,1.5315,22.72,0,0
TXN000635,35,589,83.02,13,Thursday,restaurant,bill_payment,mobile_app,0,1,1,0,5,72.86,1.1394,51.03,0,0
TXN000636,35,1344,39.37,1,Wednesday,electronics,cash_withdrawal,mobile_app,0,1,1,0,6,70.47,0.5587,56.65,0,0
TXN000637,37,1838,113.5,22,Saturday,grocery,transfer,mobile_app,1,1,0,1,2,63.31,1.7929,52.23,0,0
TXN000638,25,1553,118.33,19,Monday,electronics,bill_payment,pos,0,1,1,0,6,35.76,3.3095,89.66,1,0
TXN000639,47,1612,17.66,3,Monday,fashion,cash_withdrawal,mobile_app,0,1,1,0,9,28.27,0.6248,10.18,0,0
TXN000640,46,337,5.09,20,Friday,travel,transfer,web,0,0,1,0,4,20.05,0.2538,3.91,0,1
TXN000641,20,976,37.8,10,Friday,fashion,purchase,web,0,1,1,2,7,27.74,1.3628,61.26,0,0
TXN000642,48,1174,32.32,8,Saturday,grocery,purchase,mobile_app,0,1,1,0,2,43.13,0.7494,8.81,0,1
TXN000643,66,1225,20.89,22,Friday,restaurant,purchase,web,0,1,1,0,9,24.14,0.8655,4.18,0,0
TXN000644,41,767,64.69,12,Sunday,travel,transfer,mobile_app,0,1,0,1,4,45.57,1.4197,9.51,0,0
TXN000645,35,895,14.53,5,Wednesday,restaurant,cash_withdrawal,mobile_app,0,1,1,0,6,21.22,0.6848,12.96,0,0
TXN000646,37,1523,10.08,19,Wednesday,restaurant,purchase,web,0,1,1,1,4,12.86,0.7838,1.91,0,0
TXN000647,47,1145,67.89,17,Sunday,healthcare,bill_payment,pos,0,1,1,1,6,76.71,0.8851,15.83,1,0
TXN000648,18,1291,82.82,4,Monday,digital_goods,purchase,atm,0,1,1,2,5,30.22,2.7407,11.75,1,0
TXN000649,41,569,22.62,16,Saturday,fashion,bill_payment,pos,0,1,1,0,7,23.27,0.972,22.26,1,0
TXN000650,34,1246,7.56,15,Monday,grocery,purchase,mobile_app,0,1,1,0,2,19.34,0.3908,17.05,0,1
TXN000651,63,886,23.19,6,Thursday,digital_goods,purchase,mobile_app,0,1,0,0,3,57.66,0.4021,44.91,0,0
TXN000652,37,1424,120.32,10,Tuesday,digital_goods,cash_withdrawal,web,0,1,1,0,4,114.43,1.0515,4.66,1,0
TXN000653,61,469,13.42,20,Friday,digital_goods,purchase,pos,0,1,0,1,3,31.81,0.4218,10.25,1,0
TXN000654,25,1348,11.25,4,Saturday,restaurant,cash_withdrawal,mobile_app,0,1,1,1,5,36.41,0.3089,13.49,0,0
TXN000655,47,632,138.26,17,Monday,grocery,transfer,mobile_app,0,1,1,0,6,91.98,1.5032,59.66,0,0
TXN000656,43,1352,17.98,19,Tuesday,fashion,transfer,pos,0,1,0,0,10,11.55,1.5571,16.06,1,0
TXN000657,28,981,127.88,22,Wednesday,travel,purchase,pos,0,0,1,0,7,175.24,0.7297,13.77,1,0
TXN000658,41,840,290.38,7,Tuesday,travel,purchase,mobile_app,0,1,0,0,7,247.09,1.1752,5.58,0,0
TXN000659,55,658,8.71,6,Wednesday,travel,purchase,pos,0,1,1,0,6,8.0,1.0892,13.87,1,0
TXN000660,35,782,58.18,22,Sunday,restaurant,purchase,web,0,1,1,0,5,39.64,1.4678,15.56,0,0
TXN000661,18,591,37.25,11,Monday,travel,purchase,web,0,1,1,0,1,25.34,1.4702,23.99,0,0
TXN000662,39,648,5.12,13,Thursday,fuel,purchase,web,0,1,1,0,5,35.14,0.1457,9.0,0,0
TXN000663,27,1124,25.17,12,Thursday,fuel,transfer,pos,1,1,1,0,5,31.46,0.8,47.83,1,0
TXN000664,35,175,105.36,12,Wednesday,restaurant,bill_payment,mobile_app,0,1,1,0,8,76.28,1.3811,5.49,0,0
TXN000665,38,1340,27.76,14,Tuesday,grocery,transfer,pos,0,1,1,1,2,39.21,0.7078,45.94,1,0
TXN000666,18,1355,21.55,10,Friday,healthcare,purchase,mobile_app,1,0,1,0,6,22.07,0.9764,133.96,0,0
TXN000667,18,673,61.35,9,Friday,restaurant,purchase,atm,0,1,1,0,4,37.56,1.6331,46.54,1,0
TXN000668,45,911,62.11,9,Saturday,restaurant,purchase,atm,0,1,1,0,9,61.6,1.0083,14.03,1,0
TXN000669,32,375,51.08,15,Wednesday,restaurant,purchase,pos,1,1,1,0,6,18.13,2.8171,87.2,1,0
TXN000670,18,1075,27.83,19,Friday,travel,purchase,pos,0,1,0,0,6,13.0,2.1413,39.71,1,0
TXN000671,49,416,155.93,13,Sunday,fuel,bill_payment,pos,0,0,1,1,3,178.53,0.8734,29.82,1,0
TXN000672,43,31,22.08,16,Saturday,grocery,cash_withdrawal,atm,0,1,1,0,6,26.77,0.8248,15.17,1,0
TXN000673,30,1793,4.71,9,Sunday,digital_goods,purchase,mobile_app,0,1,1,0,6,38.52,0.1222,29.84,0,0
TXN000674,22,340,24.01,18,Tuesday,grocery,cash_withdrawal,pos,0,1,1,1,12,31.93,0.752,4.82,1,0
TXN000675,50,770,22.65,9,Sunday,healthcare,bill_payment,web,0,1,1,2,9,63.09,0.359,41.27,0,0
TXN000676,44,936,169.98,10,Saturday,fuel,purchase,web,0,0,1,0,9,152.38,1.1155,1.21,0,0
TXN000677,70,1123,68.55,1,Saturday,grocery,transfer,web,0,1,1,0,5,64.56,1.0619,15.29,0,0
TXN000678,44,820,22.37,6,Friday,restaurant,purchase,web,1,0,1,2,7,14.25,1.5699,73.33,0,0
TXN000679,44,994,40.81,17,Sunday,travel,purchase,web,0,1,0,1,8,15.7,2.6002,14.53,0,0
TXN000680,37,661,29.78,2,Thursday,healthcare,transfer,mobile_app,1,1,1,0,5,31.9,0.9334,476.19,0,0
TXN000681,50,210,172.22,5,Saturday,fashion,purchase,mobile_app,0,1,1,0,8,35.05,4.9131,4.99,0,0
TXN000682,47,797,13.84,18,Friday,restaurant,cash_withdrawal,pos,0,1,1,0,4,12.31,1.1245,7.58,1,0
TXN000683,55,1228,28.41,20,Saturday,restaurant,purchase,pos,0,1,1,0,8,76.7,0.3703,22.39,1,0
TXN000684,32,358,12.34,9,Saturday,healthcare,purchase,web,0,1,0,0,6,19.45,0.6346,3.34,0,0
TXN000685,33,942,90.63,9,Tuesday,fuel,purchase,pos,0,1,1,0,5,124.61,0.7273,13.48,1,0
TXN000686,33,2489,229.79,12,Wednesday,restaurant,transfer,web,0,1,1,0,5,157.73,1.4569,63.83,0,0
TXN000687,49,760,17.1,18,Wednesday,travel,transfer,mobile_app,0,1,1,0,10,35.56,0.4809,40.92,0,0
TXN000688,58,788,44.77,11,Saturday,travel,cash_withdrawal,pos,0,1,1,0,6,58.33,0.7676,72.46,1,0
TXN000689,33,193,14.84,4,Friday,fashion,purchase,atm,0,1,1,0,3,17.51,0.8471,20.41,1,0
TXN000690,33,322,45.9,10,Saturday,fuel,purchase,pos,1,1,1,0,5,66.62,0.6889,137.43,1,0
TXN000691,43,420,50.68,6,Saturday,digital_goods,cash_withdrawal,web,1,0,1,1,4,29.7,1.7061,501.94,0,1
TXN000692,36,1196,29.34,16,Friday,restaurant,purchase,web,0,1,1,0,9,19.44,1.5095,3.5,0,0
TXN000693,51,380,76.07,3,Monday,fuel,purchase,mobile_app,0,1,1,0,6,34.52,2.2032,10.96,0,0
TXN000694,18,131,22.79,14,Friday,restaurant,bill_payment,pos,0,1,1,0,5,30.41,0.7495,14.51,1,0
TXN000695,28,1060,76.07,3,Sunday,fashion,purchase,mobile_app,0,1,0,0,5,33.65,2.261,52.39,0,0
TXN000696,29,452,30.01,23,Friday,restaurant,purchase,web,1,1,1,1,6,84.25,0.3563,107.11,0,0
TXN000697,18,200,8.46,15,Sunday,digital_goods,transfer,mobile_app,0,1,1,1,6,24.16,0.3501,69.05,0,0
TXN000698,26,1295,58.87,3,Sunday,travel,purchase,atm,0,1,1,0,5,148.3,0.397,13.15,1,0
TXN000699,27,605,15.68,23,Wednesday,fashion,cash_withdrawal,web,0,1,1,1,5,16.38,0.9576,33.59,0,0
TXN000700,36,1128,307.61,13,Saturday,digital_goods,purchase,pos,0,1,1,0,5,136.06,2.2608,15.43,1,0
TXN000701,53,193,12.61,14,Thursday,fashion,purchase,web,1,0,1,0,3,20.45,0.6166,146.52,0,0
TXN000702,36,80,28.68,1,Thursday,travel,cash_withdrawal,mobile_app,0,1,1,0,7,42.49,0.6749,69.72,0,0
TXN000703,26,881,24.33,4,Tuesday,fashion,purchase,mobile_app,0,1,1,0,2,29.88,0.8142,47.13,0,0
TXN000704,38,312,47.7,19,Tuesday,electronics,cash_withdrawal,mobile_app,0,1,1,0,6,33.2,1.4368,17.02,0,0
TXN000705,53,872,51.06,11,Tuesday,grocery,purchase,atm,0,1,1,0,4,75.72,0.6744,29.51,1,0
TXN000706,26,885,81.11,14,Friday,fashion,purchase,pos,0,1,1,0,5,125.2,0.6479,11.03,1,0
TXN000707,27,807,36.18,23,Tuesday,digital_goods,purchase,mobile_app,0,1,1,1,4,100.2,0.3611,9.55,0,0
TXN000708,46,1604,20.02,10,Thursday,grocery,purchase,web,0,1,1,1,5,31.77,0.6302,46.92,0,0
TXN000709,36,3851,107.82,9,Thursday,healthcare,purchase,mobile_app,0,1,1,0,6,48.55,2.2206,41.88,0,0
TXN000710,47,1047,24.59,19,Thursday,restaurant,transfer,pos,1,1,1,0,3,24.21,1.0156,247.95,1,0
TXN000711,39,2487,11.63,1,Saturday,digital_goods,purchase,pos,0,1,1,0,5,20.82,0.5584,43.06,1,0
TXN000712,48,618,43.15,10,Thursday,fashion,purchase,pos,0,1,0,0,10,18.63,2.3164,28.76,1,0
TXN000713,26,261,19.37,20,Monday,digital_goods,purchase,mobile_app,0,1,1,0,4,31.03,0.6242,44.02,0,0
TXN000714,39,477,134.57,5,Sunday,digital_goods,purchase,web,1,0,1,0,4,50.89,2.6442,65.83,0,0
TXN000715,36,647,28.05,7,Saturday,healthcare,purchase,pos,0,1,1,0,2,10.73,2.6133,34.36,1,0
TXN000716,23,2621,40.73,11,Friday,fuel,transfer,mobile_app,1,0,0,0,2,41.13,0.9904,89.13,0,1
TXN000717,19,840,40.96,1,Saturday,electronics,cash_withdrawal,atm,0,1,1,0,5,126.66,0.3234,46.32,1,0
TXN000718,48,1643,471.64,1,Monday,travel,cash_withdrawal,pos,0,1,1,0,5,95.37,4.9453,19.57,1,0
TXN000719,34,579,35.08,6,Saturday,fashion,purchase,pos,0,1,1,0,5,27.9,1.2571,0.99,1,0
TXN000720,26,526,11.72,21,Tuesday,grocery,purchase,web,0,1,1,0,12,15.55,0.7534,20.58,0,0
TXN000721,38,185,112.11,5,Thursday,healthcare,transfer,web,0,1,1,0,10,59.21,1.8935,7.63,0,0
TXN000722,54,2568,12.64,17,Tuesday,electronics,purchase,pos,0,1,0,2,5,8.02,1.5772,28.22,1,0
TXN000723,18,2004,231.18,10,Saturday,digital_goods,purchase,web,1,0,0,0,9,94.57,2.4446,70.37,0,1
TXN000724,20,949,21.53,18,Tuesday,restaurant,bill_payment,pos,1,0,1,1,3,36.46,0.5904,198.28,1,0
TXN000725,27,676,190.15,7,Tuesday,digital_goods,purchase,web,0,1,1,0,11,158.94,1.1964,21.97,0,0
TXN000726,58,863,4.97,20,Monday,healthcare,transfer,pos,0,1,0,0,7,12.26,0.405,12.38,1,0
TXN000727,43,251,126.57,8,Saturday,restaurant,purchase,pos,0,1,0,0,5,82.36,1.5369,9.56,1,0
TXN000728,49,1127,37.01,18,Wednesday,fashion,purchase,web,0,1,1,0,3,39.55,0.9356,6.19,0,0
TXN000729,24,1898,39.02,19,Thursday,electronics,purchase,mobile_app,0,1,1,1,8,33.5,1.1645,7.34,0,0
TXN000730,24,1960,13.58,10,Wednesday,digital_goods,purchase,mobile_app,0,1,0,0,7,15.86,0.8561,6.63,0,0
TXN000731,45,194,51.84,16,Saturday,digital_goods,purchase,pos,1,0,1,0,8,65.3,0.794,236.01,1,0
TXN000732,40,1633,35.22,2,Tuesday,electronics,cash_withdrawal,atm,0,1,1,0,8,69.19,0.5091,26.86,1,0
TXN000733,46,253,258.37,11,Sunday,grocery,cash_withdrawal,mobile_app,1,0,1,2,7,153.74,1.6805,210.05,0,0
TXN000734,37,87,244.3,8,Wednesday,restaurant,purchase,pos,0,1,1,0,5,87.86,2.7804,32.48,1,0
TXN000735,43,1673,17.67,22,Monday,grocery,purchase,pos,0,1,1,1,5,27.73,0.6371,6.61,1,0
TXN000736,41,543,29.25,22,Tuesday,digital_goods,purchase,pos,0,1,1,0,5,20.64,1.417,24.84,1,0
TXN000737,49,1522,20.61,18,Monday,electronics,purchase,web,0,1,0,0,7,15.87,1.2985,6.39,0,0
TXN000738,49,1433,117.51,22,Thursday,healthcare,transfer,pos,0,1,1,0,6,122.82,0.9568,4.22,1,0
TXN000739,18,1314,7.69,23,Tuesday,healthcare,purchase,pos,0,1,0,0,10,24.28,0.3169,11.8,1,0
TXN000740,18,856,46.0,18,Sunday,digital_goods,bill_payment,mobile_app,0,1,0,1,6,123.44,0.3726,91.4,0,0
TXN000741,52,280,33.64,14,Thursday,fuel,purchase,pos,0,1,1,0,7,62.06,0.5421,38.48,1,0
TXN000742,54,648,11.0,4,Tuesday,electronics,purchase,web,0,1,1,0,4,53.92,0.2039,1.72,0,0
TXN000743,26,1981,89.37,19,Thursday,digital_goods,cash_withdrawal,pos,0,1,0,0,2,34.09,2.6216,0.65,1,0
TXN000744,18,1548,84.81,4,Tuesday,fashion,purchase,pos,0,1,1,0,9,68.42,1.2395,9.33,1,0
TXN000745,40,674,39.15,4,Tuesday,healthcare,purchase,atm,0,1,1,0,6,42.05,0.9309,14.29,1,0
TXN000746,51,667,6.41,21,Wednesday,travel,purchase,mobile_app,0,1,0,0,9,32.6,0.1965,5.4,0,0
TXN000747,62,1237,17.96,2,Monday,grocery,cash_withdrawal,mobile_app,0,1,1,0,4,70.18,0.2558,52.04,0,0
TXN000748,46,901,36.4,3,Tuesday,healthcare,purchase,mobile_app,0,1,0,0,7,38.33,0.9496,26.43,0,0
TXN000749,34,700,94.06,12,Sunday,digital_goods,purchase,atm,0,1,1,2,4,23.93,3.9304,32.65,1,0
TXN000750,27,1167,37.67,14,Friday,electronics,purchase,pos,0,1,1,0,5,65.49,0.5752,12.03,1,0
TXN000751,39,1141,71.94,1,Sunday,fashion,purchase,mobile_app,0,1,1,0,4,40.61,1.7717,29.78,0,0
TXN000752,35,488,40.71,9,Tuesday,grocery,bill_payment,mobile_app,0,1,1,0,10,60.46,0.6733,17.93,1,0
TXN000753,26,1031,30.36,5,Saturday,restaurant,purchase,atm,0,1,1,1,5,30.67,0.9898,6.44,1,0
TXN000754,66,1094,40.61,7,Wednesday,travel,purchase,mobile_app,0,1,0,0,3,17.8,2.2809,33.86,0,0
TXN000755,62,810,109.97,4,Tuesday,travel,purchase,mobile_app,0,1,1,0,4,148.3,0.7415,27.3,1,0
TXN000756,54,446,74.94,16,Saturday,electronics,purchase,mobile_app,0,1,1,1,4,129.48,0.5788,5.24,0,0
TXN000757,27,632,212.16,11,Monday,electronics,bill_payment,atm,0,1,1,0,9,80.34,2.6406,56.04,1,0
TXN000758,50,374,31.61,23,Wednesday,restaurant,purchase,web,0,1,1,1,7,32.16,0.9829,48.04,0,0
TXN000759,47,1050,71.48,0,Saturday,electronics,cash_withdrawal,pos,0,1,1,0,6,34.25,2.0869,0.71,1,0
TXN000760,45,195,66.81,18,Friday,restaurant,purchase,mobile_app,0,1,1,1,4,115.04,0.5808,37.14,0,0
TXN000761,55,2113,86.32,21,Thursday,fuel,cash_withdrawal,mobile_app,0,1,1,0,4,32.96,2.619,11.74,0,0
TXN000762,47,1841,31.24,11,Wednesday,fashion,purchase,pos,1,0,0,0,4,26.97,1.1584,111.3,1,1
TXN000763,49,1112,212.95,16,Monday,fuel,purchase,pos,0,1,1,0,4,163.7,1.3009,72.45,1,0
TXN000764,47,1489,42.97,10,Sunday,electronics,purchase,mobile_app,0,1,1,0,7,41.09,1.0458,24.25,0,0
TXN000765,43,1423,100.42,14,Tuesday,grocery,purchase,pos,0,1,1,0,4,151.91,0.661,40.24,0,0
TXN000766,18,911,14.76,21,Tuesday,digital_goods,bill_payment,pos,0,1,1,0,10,15.54,0.9501,14.4,1,0
TXN000767,40,715,42.71,12,Tuesday,digital_goods,transfer,pos,0,1,0,0,4,61.75,0.6917,8.08,1,0
TXN000768,32,656,358.54,13,Sunday,healthcare,purchase,web,0,1,1,0,5,188.89,1.8981,34.13,0,0
TXN000769,22,2163,35.7,23,Saturday,healthcare,purchase,mobile_app,0,1,1,1,8,43.44,0.8218,36.05,0,0
TXN000770,61,433,11.39,11,Thursday,fuel,cash_withdrawal,mobile_app,0,1,1,0,7,35.16,0.3238,20.58,0,0
TXN000771,61,440,5.21,4,Sunday,digital_goods,purchase,pos,0,0,1,0,2,18.34,0.2839,104.28,1,0
TXN000772,57,1576,25.43,16,Monday,restaurant,purchase,pos,0,1,1,0,6,92.69,0.2744,30.96,1,0
TXN000773,42,1479,36.25,16,Sunday,fashion,cash_withdrawal,web,0,0,0,0,7,24.42,1.4843,8.96,0,0
TXN000774,57,684,16.49,5,Monday,healthcare,purchase,mobile_app,0,1,0,0,3,39.72,0.4152,46.58,0,0
TXN000775,39,1194,20.64,17,Wednesday,fashion,purchase,mobile_app,0,1,1,0,3,17.48,1.1806,38.14,0,0
TXN000776,42,1302,136.91,1,Monday,restaurant,purchase,web,0,0,1,0,5,130.45,1.0495,30.28,0,1
TXN000777,25,267,88.67,7,Sunday,travel,purchase,pos,0,1,1,1,3,97.66,0.9079,12.04,1,0
TXN000778,44,1918,54.21,20,Sunday,electronics,cash_withdrawal,web,0,1,1,0,11,41.57,1.3043,37.24,0,0
TXN000779,40,1302,19.75,14,Friday,travel,cash_withdrawal,atm,0,1,1,1,9,18.52,1.0661,6.59,1,1
TXN000780,22,1126,17.37,14,Tuesday,digital_goods,bill_payment,web,0,1,1,0,1,128.49,0.1352,76.39,0,0
TXN000781,38,1308,24.62,14,Tuesday,fashion,purchase,pos,0,1,1,0,7,32.67,0.7535,17.07,1,0
TXN000782,38,1035,24.79,3,Thursday,electronics,cash_withdrawal,pos,0,1,1,0,6,19.19,1.2918,22.49,1,0
TXN000783,62,776,37.05,23,Wednesday,fashion,bill_payment,mobile_app,0,1,1,0,6,11.96,3.0988,21.63,0,0
TXN000784,51,917,85.55,7,Monday,travel,cash_withdrawal,atm,0,1,1,1,8,26.71,3.2035,101.67,1,0
TXN000785,39,245,5.32,18,Friday,restaurant,bill_payment,pos,0,1,1,0,7,14.92,0.3565,13.34,1,0
TXN000786,42,2715,20.08,23,Friday,travel,bill_payment,pos,0,1,1,0,6,27.16,0.7395,17.85,1,0
TXN000787,40,766,22.38,5,Sunday,restaurant,transfer,web,0,1,1,0,3,72.67,0.308,19.13,0,0
TXN000788,36,2686,92.21,15,Thursday,fashion,bill_payment,mobile_app,0,1,1,1,7,32.45,2.8415,5.53,0,0
TXN000789,25,928,108.35,1,Wednesday,fashion,purchase,web,0,1,1,1,6,54.93,1.9724,31.98,0,0
TXN000790,37,522,30.93,15,Thursday,fashion,purchase,atm,0,1,1,0,7,25.26,1.2244,25.34,1,0
TXN000791,29,1882,47.78,10,Tuesday,travel,transfer,mobile_app,0,1,1,0,5,44.56,1.0721,12.66,0,0
TXN000792,23,1095,435.76,1,Friday,fashion,transfer,pos,0,1,1,0,6,169.53,2.5704,33.31,1,0
TXN000793,46,3338,75.28,16,Saturday,electronics,purchase,mobile_app,0,1,1,0,7,33.09,2.2754,29.19,0,1
TXN000794,44,511,122.8,23,Tuesday,restaurant,purchase,pos,0,1,1,0,4,56.08,2.1898,7.35,0,1
TXN000795,18,1933,18.2,1,Wednesday,fuel,purchase,web,0,1,1,0,4,13.77,1.3216,32.27,0,0
TXN000796,37,2000,93.98,21,Saturday,fuel,transfer,mobile_app,0,1,1,0,5,127.04,0.7397,2.42,1,0
TXN000797,52,1375,49.84,20,Thursday,digital_goods,purchase,web,0,1,1,1,6,30.16,1.6526,22.69,0,0
TXN000798,53,2010,155.08,13,Thursday,electronics,purchase,atm,0,1,1,2,3,90.59,1.7118,9.38,1,0
TXN000799,52,780,32.27,21,Saturday,digital_goods,purchase,pos,0,1,1,0,5,38.91,0.8292,64.46,1,0
TXN000800,40,431,48.79,7,Friday,electronics,purchase,web,0,1,0,0,7,66.05,0.7387,48.95,0,0
TXN000801,28,560,148.28,17,Monday,restaurant,bill_payment,mobile_app,0,1,1,1,8,68.93,2.1511,64.99,0,0
TXN000802,25,883,96.78,16,Saturday,digital_goods,purchase,pos,0,1,1,1,3,30.7,3.1524,10.5,1,0
TXN000803,43,1422,51.76,13,Sunday,fashion,purchase,web,1,0,0,1,6,93.33,0.5546,127.13,0,1
TXN000804,44,457,19.37,20,Monday,digital_goods,purchase,mobile_app,0,1,0,0,2,24.62,0.7869,19.72,0,0
TXN000805,56,656,91.18,21,Monday,digital_goods,transfer,pos,0,0,1,0,5,74.45,1.2247,11.69,1,0
TXN000806,53,487,43.35,18,Friday,electronics,cash_withdrawal,mobile_app,0,1,1,0,6,32.11,1.3503,9.34,1,0
TXN000807,37,1592,35.72,14,Friday,healthcare,purchase,mobile_app,0,0,1,0,6,54.69,0.653,52.05,0,0
TXN000808,23,2673,112.56,23,Wednesday,healthcare,purchase,web,0,1,1,1,6,30.49,3.6919,51.47,1,0
TXN000809,35,372,56.82,13,Thursday,restaurant,transfer,atm,0,1,1,1,8,44.08,1.2891,40.7,1,0
TXN000810,42,1233,27.35,15,Friday,grocery,transfer,web,0,1,1,0,4,19.61,1.3946,29.59,0,0
TXN000811,36,1724,171.51,4,Thursday,electronics,cash_withdrawal,pos,0,1,1,0,6,50.82,3.375,16.58,1,0
TXN000812,31,730,30.22,7,Tuesday,digital_goods,purchase,mobile_app,0,0,1,0,4,43.9,0.6884,37.8,0,0
TXN000813,42,258,25.72,21,Monday,healthcare,bill_payment,pos,0,1,1,0,3,28.82,0.8926,36.41,1,0
TXN000814,32,1871,15.77,11,Thursday,digital_goods,cash_withdrawal,mobile_app,0,1,1,0,12,40.87,0.3858,26.66,0,0
TXN000815,31,243,39.35,12,Sunday,travel,purchase,mobile_app,0,0,1,0,7,46.83,0.8402,52.42,0,0
TXN000816,43,2231,8.88,19,Thursday,grocery,bill_payment,mobile_app,0,1,1,0,7,27.28,0.3256,25.91,0,0
TXN000817,34,479,63.16,7,Wednesday,restaurant,transfer,mobile_app,1,1,1,0,7,38.76,1.6298,64.39,1,0
TXN000818,42,209,26.53,6,Sunday,travel,cash_withdrawal,web,1,1,1,0,7,20.61,1.2871,170.96,0,0
TXN000819,43,593,179.37,0,Wednesday,grocery,transfer,pos,0,1,0,0,4,230.2,0.7792,10.62,1,1
TXN000820,24,833,80.66,5,Thursday,grocery,purchase,pos,1,1,1,0,4,91.16,0.8849,54.8,1,0
TXN000821,33,963,85.19,12,Monday,grocery,purchase,pos,0,1,1,0,10,51.76,1.6458,8.2,1,0
TXN000822,58,1303,41.52,17,Saturday,electronics,purchase,mobile_app,0,1,1,1,4,98.88,0.4199,13.53,0,0
TXN000823,24,1024,11.27,7,Friday,fashion,purchase,pos,0,1,1,0,6,10.23,1.1019,11.64,1,0
TXN000824,18,2535,12.59,10,Saturday,travel,purchase,web,0,1,1,1,6,8.0,1.574,31.18,0,0
TXN000825,18,805,8.41,5,Wednesday,restaurant,purchase,atm,0,1,1,1,10,31.9,0.2636,9.94,1,0
TXN000826,39,1063,24.55,19,Thursday,fuel,bill_payment,atm,0,1,1,1,1,15.76,1.5576,32.45,1,0
TXN000827,39,1002,10.22,12,Tuesday,healthcare,purchase,mobile_app,0,1,1,0,6,35.86,0.285,43.7,0,0
TXN000828,37,185,43.09,3,Sunday,fashion,transfer,web,0,1,1,0,5,49.31,0.874,31.83,0,0
TXN000829,55,314,33.96,14,Monday,fuel,purchase,pos,0,1,1,0,1,82.49,0.4116,23.16,1,0
TXN000830,18,885,49.95,8,Friday,fashion,purchase,mobile_app,0,1,1,0,3,18.74,2.6658,34.62,0,0
TXN000831,44,1153,23.44,20,Friday,fashion,purchase,atm,0,1,0,0,6,56.7,0.4135,7.86,0,0
TXN000832,59,118,12.46,6,Tuesday,fashion,purchase,pos,1,0,1,0,5,42.96,0.2899,88.82,1,0
TXN000833,24,2609,57.18,20,Wednesday,restaurant,purchase,mobile_app,0,1,1,1,6,54.61,1.0471,35.89,0,0
TXN000834,34,1217,20.65,16,Monday,restaurant,purchase,mobile_app,0,1,1,0,7,29.25,0.7062,25.68,0,0
TXN000835,29,850,37.06,3,Thursday,restaurant,cash_withdrawal,web,0,1,0,0,5,115.11,0.322,68.43,0,0
TXN000836,27,1179,54.82,18,Sunday,travel,purchase,pos,1,0,1,0,8,39.47,1.389,112.6,1,0
TXN000837,35,567,34.59,17,Thursday,electronics,purchase,web,0,1,1,0,8,152.54,0.2268,15.48,0,0
TXN000838,58,970,10.86,10,Sunday,travel,purchase,web,0,1,1,0,7,24.07,0.4511,17.38,0,0
TXN000839,63,1080,45.64,3,Monday,restaurant,purchase,mobile_app,0,1,1,1,4,72.59,0.6287,23.91,0,0
TXN000840,35,1885,69.04,11,Wednesday,fuel,purchase,pos,0,1,1,0,2,40.73,1.6949,18.27,0,0
TXN000841,64,753,81.19,14,Sunday,restaurant,purchase,pos,0,1,1,0,5,33.58,2.4175,23.44,1,0
TXN000842,39,249,141.07,3,Sunday,grocery,cash_withdrawal,web,0,1,1,0,2,67.04,2.1043,12.21,0,0
TXN000843,62,422,29.2,8,Wednesday,travel,cash_withdrawal,pos,0,1,1,0,7,34.28,0.8518,39.2,1,0
TXN000844,38,709,2.0,16,Friday,travel,transfer,atm,0,1,1,0,7,8.0,0.25,30.35,1,0
TXN000845,41,276,10.08,13,Sunday,fashion,transfer,pos,1,0,0,0,6,8.0,1.2604,159.04,0,1
TXN000846,44,384,291.48,23,Saturday,travel,purchase,mobile_app,0,1,1,0,4,106.29,2.7423,6.68,0,0
TXN000847,80,425,238.44,5,Friday,grocery,purchase,mobile_app,1,0,1,1,6,103.11,2.3125,124.66,0,1
TXN000848,50,673,219.69,18,Tuesday,grocery,purchase,pos,0,1,1,0,3,165.49,1.3275,27.12,1,0
TXN000849,30,1206,16.96,10,Monday,restaurant,cash_withdrawal,web,0,1,1,0,5,41.99,0.404,18.28,0,0
TXN000850,52,650,10.93,5,Friday,grocery,purchase,mobile_app,0,1,1,1,4,16.77,0.6517,14.74,0,0
TXN000851,34,1262,120.33,22,Thursday,restaurant,purchase,pos,0,1,1,0,6,31.43,3.828,1.5,1,0
TXN000852,33,850,14.7,14,Tuesday,fuel,bill_payment,atm,0,1,0,0,4,42.87,0.343,104.28,1,0
TXN000853,51,395,8.57,12,Wednesday,healthcare,purchase,mobile_app,0,1,0,0,6,20.59,0.4163,9.11,0,0
TXN000854,39,1093,261.28,7,Wednesday,fuel,purchase,web,0,1,1,1,6,139.35,1.8751,28.37,0,0
TXN000855,43,979,148.71,21,Thursday,grocery,bill_payment,web,0,1,1,0,4,213.25,0.6974,7.61,0,0
TXN000856,39,1285,24.37,0,Wednesday,travel,purchase,mobile_app,0,1,1,0,6,60.0,0.4062,26.36,0,0
TXN000857,43,1465,120.58,2,Wednesday,fashion,purchase,mobile_app,0,1,0,0,11,42.19,2.858,28.53,0,0
TXN000858,45,1924,22.19,4,Monday,electronics,purchase,web,0,1,1,1,6,16.74,1.3257,16.0,0,0
TXN000859,18,1234,93.55,15,Saturday,healthcare,purchase,pos,0,1,1,1,8,129.47,0.7226,18.19,1,0
TXN000860,48,956,18.73,2,Friday,restaurant,bill_payment,web,0,1,1,2,7,44.92,0.4169,11.29,0,0
TXN000861,26,1289,143.44,19,Tuesday,grocery,cash_withdrawal,mobile_app,0,1,1,1,7,34.53,4.1543,104.29,0,0
TXN000862,20,601,56.2,4,Thursday,electronics,purchase,atm,1,0,0,0,6,60.13,0.9346,137.32,1,1
TXN000863,38,568,72.56,16,Wednesday,digital_goods,purchase,mobile_app,0,1,1,0,7,27.89,2.6015,23.27,0,0
TXN000864,40,2094,85.56,19,Friday,healthcare,purchase,mobile_app,1,0,1,0,1,47.26,1.8102,133.54,0,0
TXN000865,30,555,9.84,21,Friday,digital_goods,purchase,mobile_app,0,1,1,2,10,15.05,0.6537,38.08,0,0
TXN000866,50,434,61.15,7,Friday,travel,purchase,atm,0,1,0,1,6,93.01,0.6575,38.4,1,0
TXN000867,22,1234,106.29,1,Friday,fashion,purchase,mobile_app,0,1,1,0,6,39.44,2.6949,7.77,0,0
TXN000868,34,605,267.03,18,Monday,electronics,cash_withdrawal,web,0,1,1,1,5,97.94,2.7265,3.74,0,0
TXN000869,31,1456,9.06,10,Wednesday,travel,transfer,web,0,1,1,1,7,36.79,0.2463,12.37,0,0
TXN000870,38,1833,54.48,22,Monday,fashion,transfer,pos,0,1,1,0,6,38.55,1.4132,11.82,1,0
TXN000871,43,485,15.48,4,Thursday,healthcare,transfer,atm,1,0,1,0,4,17.76,0.8717,62.57,1,1
TXN000872,26,1335,33.22,13,Thursday,restaurant,purchase,pos,0,1,1,0,6,73.48,0.452,9.03,1,0
TXN000873,48,544,25.99,2,Saturday,restaurant,transfer,atm,0,1,0,0,4,22.63,1.1485,6.76,1,0
TXN000874,40,720,10.78,11,Tuesday,electronics,bill_payment,mobile_app,0,1,1,0,4,29.96,0.36,53.02,0,0
TXN000875,18,1059,28.93,0,Friday,restaurant,purchase,mobile_app,0,1,1,0,4,42.55,0.6799,27.15,0,0
TXN000876,18,568,24.84,18,Wednesday,grocery,purchase,mobile_app,0,1,1,1,7,46.4,0.5353,30.08,0,0
TXN000877,39,994,8.26,14,Wednesday,digital_goods,purchase,mobile_app,0,1,1,0,7,12.45,0.6637,40.13,0,0
TXN000878,36,765,32.54,2,Friday,grocery,bill_payment,mobile_app,0,1,1,0,7,36.01,0.9035,7.43,0,0
TXN000879,38,1477,34.51,11,Monday,fuel,bill_payment,mobile_app,0,1,1,0,6,75.38,0.4579,30.54,0,0
TXN000880,39,1480,95.61,10,Wednesday,electronics,transfer,atm,0,1,1,0,5,32.38,2.9526,14.5,1,0
TXN000881,42,571,49.08,16,Wednesday,restaurant,purchase,atm,0,1,0,0,6,36.17,1.3568,52.93,1,0
TXN000882,51,1075,165.51,11,Friday,electronics,bill_payment,mobile_app,0,1,1,0,5,47.8,3.4628,47.28,0,0
TXN000883,25,1628,32.92,11,Tuesday,restaurant,purchase,web,1,1,0,1,4,38.83,0.8477,105.83,1,1
TXN000884,24,379,12.97,19,Sunday,restaurant,purchase,mobile_app,0,1,1,0,7,20.25,0.6407,8.33,0,0
TXN000885,25,761,139.75,12,Sunday,fuel,purchase,web,0,1,1,0,5,41.42,3.3739,18.47,1,0
TXN000886,43,1043,54.57,19,Saturday,healthcare,transfer,web,1,0,1,0,5,86.98,0.6274,340.63,0,0
TXN000887,55,365,16.69,21,Wednesday,travel,transfer,mobile_app,0,1,1,0,8,19.95,0.8366,10.66,0,0
TXN000888,33,624,51.87,20,Friday,fuel,purchase,mobile_app,0,1,1,0,4,32.47,1.5975,12.17,0,0
TXN000889,18,2369,6.14,22,Monday,digital_goods,purchase,pos,0,1,1,0,9,15.72,0.3902,35.94,1,0
TXN000890,18,553,132.94,16,Sunday,electronics,purchase,web,0,1,1,1,6,83.75,1.5875,11.07,0,0
TXN000891,28,602,57.6,13,Thursday,digital_goods,purchase,web,0,1,1,1,6,39.79,1.4477,9.07,0,0
TXN000892,32,1224,54.69,12,Tuesday,healthcare,transfer,mobile_app,0,1,0,1,7,23.05,2.3724,10.78,0,0
TXN000893,34,328,82.04,4,Wednesday,digital_goods,purchase,mobile_app,0,1,1,1,8,45.44,1.8055,4.67,0,0
TXN000894,40,773,43.35,19,Saturday,restaurant,purchase,mobile_app,0,1,1,0,6,17.88,2.4254,11.23,0,0
TXN000895,35,438,17.75,16,Sunday,fashion,purchase,pos,0,1,1,0,7,20.2,0.8785,48.51,1,0
TXN000896,53,992,7.6,20,Thursday,restaurant,cash_withdrawal,mobile_app,0,1,1,1,2,14.86,0.5111,86.08,0,0
TXN000897,30,37,85.72,16,Thursday,fuel,transfer,mobile_app,0,1,1,0,3,19.73,4.3457,14.75,0,0
TXN000898,28,899,35.8,11,Saturday,healthcare,purchase,pos,0,1,1,2,10,112.99,0.3169,50.62,1,0
TXN000899,45,1063,8.54,7,Saturday,electronics,purchase,web,0,1,1,0,5,25.08,0.3406,69.72,0,0
TXN000900,19,636,84.99,23,Saturday,fashion,bill_payment,mobile_app,0,1,1,0,6,59.48,1.4289,2.39,0,0
TXN000901,44,666,71.37,17,Wednesday,restaurant,purchase,atm,0,1,1,1,4,23.29,3.0648,14.49,1,0
TXN000902,40,578,80.11,20,Friday,grocery,purchase,web,0,0,1,1,5,73.47,1.0903,58.61,1,0
TXN000903,37,766,39.67,14,Saturday,fuel,purchase,pos,0,1,1,1,9,20.31,1.9533,37.34,1,0
TXN000904,60,2112,9.89,12,Tuesday,fashion,bill_payment,mobile_app,0,1,1,0,2,43.74,0.2261,43.77,1,0
TXN000905,31,1508,29.32,0,Wednesday,restaurant,cash_withdrawal,pos,0,1,1,2,4,44.17,0.6639,21.18,1,0
TXN000906,66,765,56.08,1,Monday,digital_goods,purchase,mobile_app,0,1,1,0,3,227.24,0.2468,27.65,0,0
TXN000907,36,624,111.7,16,Wednesday,travel,purchase,pos,0,1,1,0,5,66.95,1.6685,16.27,1,0
TXN000908,22,1416,8.66,5,Saturday,digital_goods,purchase,pos,0,1,1,1,6,27.75,0.3122,50.07,1,0
TXN000909,40,948,26.4,1,Tuesday,fuel,purchase,pos,0,1,1,0,5,69.63,0.3791,16.47,1,0
TXN000910,25,357,273.03,18,Thursday,digital_goods,purchase,pos,1,1,0,0,3,198.24,1.3773,374.47,1,0
TXN000911,29,702,26.87,14,Monday,electronics,purchase,atm,0,1,1,0,8,13.15,2.0432,12.28,1,0
TXN000912,44,1971,19.67,2,Sunday,restaurant,purchase,mobile_app,0,1,1,0,5,23.18,0.8484,9.23,0,0
TXN000913,46,1192,51.42,11,Saturday,digital_goods,purchase,mobile_app,0,1,1,0,10,35.85,1.4341,53.32,0,0
TXN000914,31,629,44.12,11,Thursday,grocery,purchase,mobile_app,0,1,1,1,9,31.49,1.401,49.25,0,0
TXN000915,52,233,27.26,0,Friday,restaurant,purchase,web,0,1,1,0,6,33.46,0.8146,10.84,0,1
TXN000916,54,989,7.19,14,Monday,fashion,transfer,mobile_app,0,1,1,0,6,16.63,0.4325,28.31,0,0
TXN000917,58,854,166.93,9,Saturday,fashion,purchase,pos,0,1,1,0,3,116.85,1.4286,49.02,1,0
TXN000918,46,748,22.58,21,Friday,digital_goods,transfer,atm,0,1,0,1,5,15.27,1.4791,97.42,0,0
TXN000919,57,1426,66.66,2,Monday,fashion,transfer,pos,0,1,1,0,9,36.81,1.8107,30.3,1,0
TXN000920,18,1202,107.52,20,Sunday,healthcare,bill_payment,web,0,1,1,1,3,90.29,1.1909,47.26,0,0
TXN000921,35,241,17.06,0,Monday,restaurant,purchase,pos,0,1,1,1,6,41.61,0.4101,46.7,1,0
TXN000922,28,857,32.85,18,Friday,fuel,purchase,pos,0,1,1,1,12,21.01,1.5637,41.91,1,0
TXN000923,41,299,15.3,18,Tuesday,digital_goods,purchase,pos,0,1,1,0,2,16.1,0.9503,3.12,1,0
TXN000924,32,585,24.21,9,Friday,fashion,purchase,pos,0,1,0,0,4,36.03,0.672,27.35,0,0
TXN000925,37,279,18.97,6,Monday,grocery,purchase,mobile_app,0,1,1,0,6,24.65,0.7694,16.7,0,0
TXN000926,63,288,28.53,3,Monday,travel,purchase,mobile_app,0,1,0,0,7,49.29,0.5787,8.84,0,0
TXN000927,37,1073,27.96,8,Thursday,restaurant,purchase,pos,0,1,0,0,8,15.5,1.8039,7.68,1,0
TXN000928,44,1002,26.16,16,Sunday,fashion,transfer,atm,0,1,1,0,7,76.35,0.3427,12.35,1,0
TXN000929,36,813,21.5,17,Tuesday,restaurant,purchase,pos,0,1,0,0,5,46.21,0.4652,57.65,1,0
TXN000930,40,547,36.6,4,Friday,fashion,bill_payment,pos,0,1,1,0,6,48.75,0.7507,7.36,1,0
TXN000931,39,261,364.85,0,Thursday,digital_goods,transfer,atm,0,1,1,0,8,120.01,3.0401,42.27,1,1
TXN000932,45,588,63.05,13,Saturday,electronics,purchase,pos,1,0,1,0,8,31.02,2.0321,193.55,1,1
TXN000933,54,1005,7.36,13,Wednesday,fuel,purchase,pos,0,1,0,0,6,25.21,0.2919,12.29,1,0
TXN000934,60,989,72.14,23,Thursday,restaurant,purchase,pos,0,1,1,1,2,28.66,2.5168,63.47,1,0
TXN000935,43,1945,93.03,18,Sunday,electronics,transfer,mobile_app,0,1,1,0,6,37.02,2.5133,50.6,0,0
TXN000936,47,1769,16.27,13,Wednesday,restaurant,cash_withdrawal,mobile_app,1,0,1,1,6,39.83,0.4085,138.83,0,0
TXN000937,24,836,3.62,14,Thursday,restaurant,cash_withdrawal,mobile_app,0,1,0,0,8,23.38,0.1548,25.09,0,0
TXN000938,38,583,8.95,15,Sunday,digital_goods,cash_withdrawal,web,0,1,1,1,10,9.91,0.903,10.31,0,0
TXN000939,51,447,60.6,10,Wednesday,restaurant,purchase,pos,0,0,1,0,6,28.39,2.1343,20.18,1,0
TXN000940,50,225,164.81,16,Wednesday,grocery,bill_payment,pos,0,1,1,0,2,55.1,2.9913,134.88,1,0
TXN000941,42,328,23.83,4,Wednesday,restaurant,bill_payment,web,0,0,1,1,5,46.9,0.5081,23.82,0,0
TXN000942,51,1006,338.7,19,Saturday,digital_goods,cash_withdrawal,mobile_app,0,1,1,0,5,100.85,3.3583,13.57,0,0
TXN000943,45,1258,33.24,20,Sunday,fuel,purchase,web,0,1,1,0,8,173.81,0.1913,3.26,0,0
TXN000944,55,674,53.61,10,Friday,electronics,purchase,pos,1,0,1,0,8,73.46,0.7298,100.63,0,0
TXN000945,43,3268,81.05,10,Friday,healthcare,purchase,atm,0,1,1,0,7,115.06,0.7044,8.63,1,0
TXN000946,34,331,161.06,11,Wednesday,grocery,purchase,mobile_app,0,1,1,1,4,73.85,2.1808,5.9,0,0
TXN000947,43,205,352.8,19,Monday,travel,purchase,mobile_app,0,1,1,2,4,145.64,2.4224,29.75,0,0
TXN000948,18,3232,304.8,4,Tuesday,restaurant,transfer,web,0,1,1,1,6,161.19,1.8909,9.98,0,0
TXN000949,44,249,30.34,8,Tuesday,fashion,bill_payment,web,0,1,1,0,5,84.34,0.3597,43.45,0,0
TXN000950,18,667,125.17,14,Monday,digital_goods,purchase,pos,0,1,0,0,9,70.71,1.7702,2.84,1,0
TXN000951,18,477,50.34,16,Friday,grocery,purchase,pos,0,1,1,0,1,36.68,1.3723,35.29,1,0
TXN000952,45,1057,11.79,7,Monday,fashion,purchase,mobile_app,0,1,0,0,8,41.27,0.2856,75.99,0,0
TXN000953,45,630,7.16,2,Monday,fashion,bill_payment,mobile_app,0,1,1,1,3,33.34,0.2148,32.23,0,0
TXN000954,24,1260,133.57,12,Wednesday,digital_goods,transfer,web,0,1,1,0,6,66.51,2.0084,45.49,0,0
TXN000955,30,1445,21.15,15,Tuesday,digital_goods,purchase,mobile_app,0,1,1,0,8,25.31,0.8355,11.39,0,0
TXN000956,57,223,13.97,18,Tuesday,fashion,purchase,web,0,1,1,0,6,37.06,0.3771,46.96,1,0
TXN000957,33,435,6.55,0,Tuesday,grocery,purchase,mobile_app,0,1,0,2,5,8.0,0.8188,31.84,0,0
TXN000958,68,1333,181.77,0,Tuesday,electronics,purchase,mobile_app,0,1,1,0,3,147.03,1.2363,25.71,0,0
TXN000959,39,1637,32.51,9,Thursday,healthcare,purchase,pos,0,1,1,1,4,36.28,0.8961,58.18,0,0
TXN000960,44,931,18.37,13,Saturday,fuel,purchase,mobile_app,0,1,1,1,5,59.03,0.3112,37.27,0,0
TXN000961,60,1111,449.08,0,Saturday,restaurant,purchase,pos,0,1,0,0,5,121.46,3.6973,9.18,1,0
TXN000962,41,2024,103.47,4,Saturday,digital_goods,purchase,mobile_app,0,1,1,0,4,52.78,1.9602,15.87,0,0
TXN000963,26,636,89.88,10,Friday,digital_goods,purchase,mobile_app,1,0,1,1,7,120.29,0.7472,155.44,1,0
TXN000964,38,924,13.38,6,Sunday,fashion,cash_withdrawal,mobile_app,0,1,1,1,6,17.39,0.7692,8.15,0,0
TXN000965,39,1770,294.4,17,Thursday,digital_goods,purchase,mobile_app,0,1,1,2,4,238.92,1.2322,8.15,0,0
TXN000966,21,1842,39.23,0,Friday,grocery,purchase,mobile_app,0,1,1,1,1,93.01,0.4218,43.15,0,0
TXN000967,36,770,59.32,21,Wednesday,fashion,bill_payment,pos,1,0,1,2,5,49.43,1.2,69.34,1,0
TXN000968,29,446,43.29,4,Wednesday,healthcare,purchase,pos,0,1,1,0,10,118.64,0.3649,77.33,0,0
TXN000969,51,764,16.57,10,Wednesday,grocery,cash_withdrawal,mobile_app,0,1,1,0,5,18.33,0.9041,38.01,0,0
TXN000970,39,818,14.17,23,Tuesday,electronics,purchase,mobile_app,0,1,1,2,2,34.54,0.4101,16.62,0,0
TXN000971,35,433,51.15,15,Saturday,fashion,cash_withdrawal,mobile_app,1,0,1,1,4,120.28,0.4253,120.82,0,1
TXN000972,38,486,34.49,23,Monday,restaurant,purchase,pos,0,1,1,0,3,11.09,3.1109,11.49,1,0
TXN000973,42,1843,63.19,0,Friday,grocery,purchase,mobile_app,0,1,1,2,6,63.66,0.9927,86.55,0,0
TXN000974,47,1146,68.89,17,Saturday,electronics,purchase,mobile_app,1,1,1,2,10,62.38,1.1044,146.38,0,0
TXN000975,26,670,39.24,1,Thursday,travel,cash_withdrawal,pos,0,1,1,1,3,175.54,0.2235,18.1,1,0
TXN000976,25,348,8.42,14,Monday,travel,cash_withdrawal,pos,0,1,1,0,3,13.6,0.6189,13.44,1,0
TXN000977,53,491,179.65,7,Thursday,digital_goods,cash_withdrawal,atm,1,1,1,0,3,135.49,1.3259,178.13,1,1
TXN000978,34,189,31.09,18,Wednesday,fuel,purchase,mobile_app,0,1,1,0,5,28.42,1.0939,10.3,0,0
TXN000979,21,948,6.22,2,Sunday,fashion,cash_withdrawal,mobile_app,0,1,0,0,6,30.82,0.2017,12.33,0,0
TXN000980,45,470,19.48,21,Friday,grocery,purchase,mobile_app,1,0,0,0,11,17.64,1.1042,172.37,0,1
TXN000981,45,1000,24.06,11,Saturday,restaurant,purchase,atm,0,1,1,0,8,19.43,1.2385,16.54,1,0
TXN000982,19,1324,136.3,12,Thursday,electronics,purchase,pos,0,1,1,0,3,56.86,2.3972,19.54,1,0
TXN000983,42,1010,11.33,13,Friday,digital_goods,purchase,mobile_app,0,1,1,0,1,19.09,0.5935,32.52,1,0
TXN000984,49,610,13.72,0,Saturday,healthcare,transfer,pos,0,1,1,0,7,72.46,0.1893,10.75,1,0
TXN000985,44,416,12.24,7,Monday,restaurant,purchase,web,0,1,1,0,8,26.38,0.4641,9.9,0,0
TXN000986,47,306,7.67,17,Tuesday,healthcare,purchase,pos,0,1,1,0,5,17.75,0.4318,21.31,1,0
TXN000987,21,1730,47.01,23,Monday,grocery,bill_payment,mobile_app,0,1,0,0,10,29.08,1.6168,18.24,0,0
TXN000988,43,980,7.29,23,Thursday,travel,transfer,mobile_app,0,1,1,1,9,54.19,0.1345,30.39,0,0
TXN000989,35,636,23.99,12,Sunday,fashion,purchase,mobile_app,0,1,1,0,3,34.82,0.6888,3.04,0,0
TXN000990,33,1210,115.72,6,Friday,travel,transfer,atm,0,1,0,2,1,43.58,2.6553,32.14,1,0
TXN000991,50,1555,67.12,11,Thursday,healthcare,purchase,mobile_app,0,1,1,0,4,70.19,0.9562,21.02,0,0
TXN000992,58,478,168.12,11,Sunday,electronics,transfer,mobile_app,0,1,1,0,4,92.7,1.8137,1.37,0,0
TXN000993,62,960,9.92,9,Tuesday,fashion,purchase,pos,0,1,1,0,9,34.01,0.2917,16.89,1,0
TXN000994,56,974,6.02,8,Monday,electronics,purchase,pos,0,1,0,1,2,20.05,0.3002,41.27,1,0
TXN000995,38,1969,120.25,20,Sunday,grocery,bill_payment,atm,0,1,1,1,4,44.92,2.6773,23.43,1,0
TXN000996,44,629,61.05,9,Sunday,restaurant,purchase,atm,0,1,1,1,7,59.67,1.0231,18.63,1,0
TXN000997,49,404,15.22,0,Friday,healthcare,transfer,atm,0,1,1,0,4,14.85,1.0247,11.18,1,0
TXN000998,41,1034,9.52,17,Tuesday,fuel,purchase,atm,1,0,1,0,4,22.39,0.4253,139.57,0,0
TXN000999,41,1277,25.91,15,Sunday,fuel,purchase,mobile_app,0,1,1,0,5,25.33,1.0228,22.23,0,0
TXN001000,50,907,15.26,9,Saturday,grocery,bill_payment,mobile_app,0,1,1,0,8,36.61,0.4168,49.17,0,0
TXN001001,38,2055,54.96,15,Friday,grocery,purchase,web,0,1,1,1,8,24.58,2.2357,68.52,0,0
TXN001002,30,628,479.67,22,Tuesday,grocery,transfer,mobile_app,0,1,0,0,8,70.74,6.7804,7.78,0,0
TXN001003,34,923,18.04,22,Thursday,digital_goods,transfer,web,0,1,1,0,1,13.39,1.3478,24.09,0,0
TXN001004,47,240,8.21,18,Saturday,electronics,purchase,web,0,1,1,0,4,13.63,0.6022,25.26,0,0
TXN001005,39,386,5.13,14,Saturday,travel,purchase,mobile_app,0,1,1,0,5,33.43,0.1535,14.56,1,0
TXN001006,43,480,10.6,0,Friday,fuel,purchase,pos,0,1,1,0,10,37.47,0.2829,49.84,1,0
TXN001007,48,707,43.47,12,Thursday,fuel,purchase,atm,0,1,1,1,7,14.92,2.9139,26.16,1,0
TXN001008,34,276,12.46,19,Friday,restaurant,purchase,web,0,1,1,1,3,27.47,0.4534,5.45,0,0
TXN001009,49,1199,23.2,20,Thursday,grocery,purchase,pos,0,1,1,0,6,31.86,0.7283,18.96,1,0
TXN001010,44,447,48.85,18,Wednesday,restaurant,transfer,mobile_app,0,1,1,0,10,32.03,1.5248,43.46,0,0
TXN001011,23,2911,131.18,23,Monday,fashion,purchase,mobile_app,0,1,1,0,9,47.43,2.7656,6.31,0,0
TXN001012,58,460,21.76,12,Monday,electronics,cash_withdrawal,mobile_app,1,1,1,0,4,26.41,0.8239,181.48,0,0
TXN001013,32,858,87.59,2,Saturday,fashion,purchase,web,0,1,1,0,8,123.23,0.7108,22.57,0,0
TXN001014,18,784,60.53,11,Monday,grocery,purchase,mobile_app,0,1,1,0,12,60.43,1.0016,26.2,0,0
TXN001015,25,359,14.4,7,Monday,digital_goods,purchase,pos,0,1,1,2,5,23.78,0.6054,38.6,0,0
TXN001016,26,709,28.64,20,Sunday,healthcare,purchase,mobile_app,0,1,1,0,4,45.52,0.6293,12.64,1,0
TXN001017,40,703,59.49,18,Friday,grocery,purchase,web,0,1,1,0,8,46.49,1.2796,77.64,1,0
TXN001018,35,1446,110.83,10,Monday,restaurant,purchase,web,0,1,1,0,4,101.96,1.087,29.04,0,0
TXN001019,35,1060,121.81,9,Wednesday,restaurant,transfer,mobile_app,0,1,0,0,9,27.6,4.4139,95.73,0,0
TXN001020,47,1187,96.4,3,Saturday,digital_goods,transfer,atm,1,0,1,0,5,73.88,1.3047,265.19,1,1
TXN001021,43,1426,95.48,1,Wednesday,restaurant,purchase,atm,0,1,1,1,12,43.82,2.1789,34.01,1,0
TXN001022,43,1200,54.74,7,Thursday,fuel,transfer,pos,0,1,1,2,8,124.45,0.4398,0.2,0,1
TXN001023,44,955,149.54,5,Thursday,electronics,bill_payment,web,0,1,1,0,3,107.71,1.3883,82.65,1,0
TXN001024,47,477,27.7,6,Tuesday,grocery,purchase,web,0,1,1,0,8,49.0,0.5652,30.25,0,0
TXN001025,18,914,44.52,23,Saturday,fashion,bill_payment,web,0,0,1,0,5,35.2,1.2646,14.69,0,0
TXN001026,34,409,95.63,16,Monday,fuel,purchase,atm,1,1,0,0,6,61.24,1.5616,85.39,1,0
TXN001027,18,748,36.82,13,Thursday,digital_goods,cash_withdrawal,mobile_app,0,1,0,0,7,37.34,0.986,30.8,0,0
TXN001028,39,680,767.47,4,Tuesday,digital_goods,purchase,web,0,1,1,0,4,142.57,5.3832,13.07,0,0
TXN001029,39,712,119.66,20,Monday,fuel,transfer,mobile_app,0,1,0,0,8,44.99,2.6595,47.93,0,0
TXN001030,53,279,70.5,15,Tuesday,restaurant,transfer,atm,0,1,1,0,7,31.75,2.2202,75.64,0,0
TXN001031,54,38,50.37,12,Saturday,digital_goods,bill_payment,mobile_app,0,1,1,2,7,30.54,1.6492,26.68,0,0
TXN001032,42,591,60.11,11,Tuesday,digital_goods,bill_payment,pos,0,1,1,0,5,17.75,3.3859,42.63,1,0
TXN001033,32,1645,21.46,13,Tuesday,digital_goods,purchase,mobile_app,0,1,1,0,8,63.48,0.338,17.05,0,0
TXN001034,45,849,60.11,20,Monday,healthcare,cash_withdrawal,mobile_app,0,1,0,0,5,23.56,2.5513,0.95,0,0
TXN001035,32,1569,43.68,17,Saturday,restaurant,purchase,mobile_app,0,1,0,1,4,93.75,0.4659,32.68,0,0
TXN001036,39,411,10.62,11,Thursday,fashion,purchase,mobile_app,0,1,0,0,3,16.76,0.6336,39.85,0,0
TXN001037,52,570,66.41,16,Sunday,fuel,purchase,mobile_app,0,1,1,1,6,46.6,1.425,17.34,0,0
TXN001038,32,3020,225.0,22,Friday,grocery,bill_payment,atm,0,1,1,1,8,97.34,2.3116,3.47,1,0
TXN001039,49,431,3.74,7,Thursday,fuel,cash_withdrawal,mobile_app,0,0,1,0,5,9.03,0.4145,12.96,0,0
TXN001040,48,1172,119.6,21,Friday,restaurant,purchase,mobile_app,0,1,1,1,6,181.84,0.6577,31.25,0,0
TXN001041,27,1171,31.95,14,Monday,restaurant,bill_payment,mobile_app,0,1,0,0,4,31.31,1.0204,16.73,0,0
TXN001042,52,1087,39.15,4,Sunday,grocery,transfer,mobile_app,0,1,1,0,2,47.07,0.8318,18.96,0,0
TXN001043,48,1182,112.88,23,Sunday,fashion,purchase,pos,0,1,1,0,8,64.16,1.7593,67.53,1,0
TXN001044,40,426,809.71,16,Tuesday,fashion,purchase,mobile_app,0,1,1,0,6,71.72,11.2894,29.94,0,1
TXN001045,29,613,66.63,9,Friday,restaurant,cash_withdrawal,pos,0,1,1,0,4,51.79,1.2865,91.36,1,0
TXN001046,28,55,48.85,5,Tuesday,grocery,cash_withdrawal,web,0,1,1,0,6,87.19,0.5603,5.0,0,0
TXN001047,32,2011,23.11,21,Thursday,restaurant,purchase,web,0,1,1,0,9,61.79,0.374,3.68,0,1
TXN001048,46,1177,113.71,19,Saturday,grocery,purchase,pos,0,1,1,0,6,151.08,0.7526,37.36,1,0
TXN001049,27,481,29.94,1,Sunday,travel,purchase,mobile_app,0,1,0,0,10,61.93,0.4834,52.56,0,0
TXN001050,45,415,233.03,15,Wednesday,travel,purchase,pos,0,1,1,1,6,174.96,1.3319,36.04,0,0
TXN001051,23,1663,107.15,2,Friday,digital_goods,purchase,web,0,1,1,0,6,81.35,1.3171,107.81,0,0
TXN001052,36,455,7.9,7,Friday,restaurant,purchase,mobile_app,0,1,1,0,14,11.59,0.6815,69.81,0,0
TXN001053,40,479,1106.73,13,Tuesday,fuel,purchase,pos,0,1,1,0,4,278.66,3.9716,56.27,1,0
TXN001054,71,346,15.75,5,Friday,digital_goods,cash_withdrawal,mobile_app,0,1,1,0,6,28.12,0.5602,10.89,0,0
TXN001055,21,1326,108.94,12,Friday,restaurant,purchase,pos,0,1,0,1,4,124.81,0.8729,9.75,1,0
TXN001056,58,1554,65.33,10,Saturday,digital_goods,purchase,pos,0,1,1,1,3,43.35,1.5071,58.07,1,0
TXN001057,41,683,165.05,13,Sunday,grocery,purchase,mobile_app,0,1,0,2,11,91.28,1.8081,18.77,0,0
TXN001058,44,1560,61.82,19,Monday,travel,bill_payment,mobile_app,1,1,1,0,6,25.9,2.3866,99.43,0,0
TXN001059,41,1026,86.41,3,Tuesday,grocery,purchase,pos,1,0,1,0,4,66.72,1.295,186.6,0,1
TXN001060,45,329,71.83,19,Tuesday,restaurant,purchase,mobile_app,0,1,1,0,7,35.44,2.0272,2.8,0,0
TXN001061,37,1920,78.1,5,Tuesday,healthcare,purchase,atm,1,1,1,0,4,132.54,0.5893,320.97,1,0
TXN001062,58,343,107.43,0,Thursday,fuel,cash_withdrawal,mobile_app,0,1,1,0,9,58.31,1.8423,13.28,0,0
TXN001063,33,719,152.21,10,Sunday,fuel,purchase,mobile_app,0,1,1,1,5,83.42,1.8247,1.24,0,0
TXN001064,54,684,25.31,7,Thursday,electronics,purchase,web,1,0,1,0,8,8.95,2.8272,140.55,0,0
TXN001065,31,599,11.44,4,Friday,healthcare,transfer,pos,0,1,1,1,3,39.98,0.2861,45.95,1,0
TXN001066,38,134,28.29,10,Wednesday,restaurant,transfer,atm,0,1,1,1,3,57.15,0.495,40.52,1,0
TXN001067,25,2636,85.94,20,Wednesday,electronics,purchase,web,0,1,1,0,5,49.95,1.7206,48.12,0,0
TXN001068,45,154,11.98,14,Saturday,healthcare,purchase,mobile_app,0,1,1,0,7,84.95,0.141,5.98,0,0
TXN001069,58,1996,44.29,17,Friday,restaurant,bill_payment,web,1,1,1,1,6,32.67,1.3556,202.66,0,0
TXN001070,38,403,89.85,3,Wednesday,travel,bill_payment,mobile_app,0,1,1,1,5,44.04,2.0402,5.0,0,0
TXN001071,36,516,62.52,1,Sunday,grocery,cash_withdrawal,mobile_app,0,1,1,0,7,99.53,0.6281,35.79,0,0
TXN001072,25,1873,5.75,8,Thursday,grocery,transfer,mobile_app,0,0,1,0,5,8.24,0.6979,22.23,0,0
TXN001073,36,1101,28.53,18,Tuesday,digital_goods,transfer,web,0,1,1,0,4,65.0,0.4389,19.63,0,0
TXN001074,18,247,21.85,21,Thursday,restaurant,bill_payment,mobile_app,0,1,1,0,5,33.43,0.6534,11.56,0,0
TXN001075,27,243,14.71,2,Friday,healthcare,purchase,mobile_app,1,0,1,0,7,22.05,0.6672,149.85,0,0
TXN001076,42,994,31.52,11,Wednesday,grocery,bill_payment,atm,0,1,1,0,3,54.18,0.5818,26.93,1,0
TXN001077,56,338,57.55,9,Saturday,fuel,cash_withdrawal,mobile_app,0,1,1,0,8,102.9,0.5593,2.14,0,0
TXN001078,76,1136,70.32,17,Thursday,fashion,purchase,pos,0,1,1,1,2,89.85,0.7826,94.15,1,0
TXN001079,31,1214,29.93,4,Thursday,fuel,purchase,mobile_app,0,1,1,0,6,38.58,0.7758,85.09,1,0
TXN001080,58,439,292.92,11,Saturday,restaurant,purchase,mobile_app,0,1,1,0,3,79.88,3.667,17.69,0,0
TXN001081,42,538,56.89,20,Thursday,fuel,transfer,pos,0,1,0,0,5,79.44,0.7162,8.22,1,0
TXN001082,37,1017,48.66,11,Wednesday,fuel,cash_withdrawal,web,0,1,1,0,5,39.93,1.2187,15.76,0,0
TXN001083,45,423,16.21,18,Monday,digital_goods,purchase,pos,0,1,1,1,5,25.82,0.6279,13.28,1,0
TXN001084,40,850,16.75,14,Wednesday,travel,purchase,web,0,1,1,2,9,26.91,0.6222,59.43,0,1
TXN001085,40,3134,21.67,14,Wednesday,restaurant,purchase,mobile_app,1,0,1,0,3,77.73,0.2788,218.96,0,0
TXN001086,34,1050,12.66,6,Tuesday,fuel,purchase,atm,0,1,1,0,10,41.25,0.3069,29.2,1,0
TXN001087,21,605,7.99,23,Friday,electronics,purchase,web,0,1,1,0,5,20.02,0.3989,17.0,0,0
TXN001088,19,2805,13.72,5,Tuesday,grocery,cash_withdrawal,web,0,1,1,0,4,12.64,1.0857,28.31,0,0
TXN001089,47,1388,159.77,22,Tuesday,healthcare,purchase,mobile_app,0,1,1,0,6,77.39,2.0644,46.66,0,0
TXN001090,35,345,7.54,23,Friday,grocery,purchase,mobile_app,0,1,1,0,8,28.68,0.2628,5.13,0,0
TXN001091,31,402,34.55,12,Tuesday,electronics,purchase,mobile_app,0,1,0,0,6,53.94,0.6406,22.9,0,0
TXN001092,39,173,36.91,20,Friday,fuel,purchase,pos,0,1,0,0,5,103.81,0.3555,56.65,1,0
TXN001093,49,1004,13.03,17,Friday,grocery,bill_payment,mobile_app,0,1,1,0,5,16.57,0.7864,19.89,0,0
TXN001094,41,109,84.95,17,Wednesday,grocery,transfer,pos,0,1,0,0,4,41.16,2.0638,23.86,1,0
TXN001095,30,2803,25.93,1,Monday,grocery,cash_withdrawal,mobile_app,0,1,1,0,8,37.6,0.6895,23.26,0,1
TXN001096,55,660,51.38,3,Thursday,grocery,purchase,web,0,1,1,0,5,55.89,0.9192,4.51,1,0
TXN001097,60,1445,281.45,1,Monday,restaurant,purchase,mobile_app,0,1,1,0,6,103.77,2.7122,28.35,0,0
TXN001098,45,617,21.6,0,Thursday,digital_goods,transfer,atm,0,1,1,0,7,16.33,1.3227,3.52,1,0
TXN001099,52,992,35.27,20,Saturday,travel,purchase,pos,0,1,1,1,4,64.09,0.5503,8.04,1,0
TXN001100,55,726,95.31,4,Friday,restaurant,purchase,web,0,1,1,1,6,89.36,1.0665,27.73,0,0
TXN001101,54,833,19.49,0,Thursday,fuel,purchase,mobile_app,0,1,1,0,4,37.18,0.5242,20.83,0,0
TXN001102,47,1743,49.59,22,Sunday,electronics,cash_withdrawal,pos,0,1,0,0,4,38.51,1.2876,14.22,1,0
TXN001103,47,2295,79.23,6,Monday,restaurant,purchase,mobile_app,1,0,1,1,6,57.47,1.3786,91.07,0,0
TXN001104,46,2183,19.37,19,Sunday,travel,purchase,web,0,0,1,0,7,54.5,0.3555,25.23,0,0
TXN001105,25,4665,69.78,23,Saturday,travel,purchase,atm,0,1,1,0,6,64.67,1.0791,30.07,1,0
TXN001106,48,461,55.67,12,Wednesday,travel,purchase,mobile_app,1,1,0,1,5,63.7,0.874,112.86,0,0
TXN001107,21,1059,29.52,22,Tuesday,grocery,purchase,atm,0,1,1,0,13,20.97,1.408,84.74,1,0
TXN001108,29,470,150.14,23,Tuesday,digital_goods,transfer,atm,1,1,1,1,4,86.75,1.7308,7.57,1,0
TXN001109,56,1697,132.14,3,Sunday,healthcare,bill_payment,mobile_app,0,1,1,1,5,98.5,1.3415,24.61,0,0
TXN001110,50,360,37.18,3,Tuesday,digital_goods,purchase,mobile_app,0,1,1,1,6,48.62,0.7647,5.99,0,0
TXN001111,58,1763,27.01,8,Sunday,grocery,purchase,web,0,1,1,0,11,14.5,1.8626,30.04,0,0
TXN001112,35,928,19.86,13,Thursday,fashion,purchase,pos,0,1,1,0,5,39.15,0.5073,15.45,1,0
TXN001113,24,757,17.98,18,Thursday,fuel,purchase,web,0,1,1,0,8,48.91,0.3676,8.97,0,1
TXN001114,36,821,2.0,4,Friday,grocery,transfer,web,0,1,0,0,4,18.65,0.1072,32.48,0,0
TXN001115,40,307,29.67,4,Tuesday,healthcare,cash_withdrawal,mobile_app,0,0,1,0,6,32.81,0.9044,24.94,0,0
TXN001116,40,330,8.12,7,Thursday,fashion,purchase,mobile_app,0,1,1,0,5,15.41,0.5265,15.75,0,0
TXN001117,54,940,83.4,6,Sunday,grocery,transfer,mobile_app,0,1,1,0,5,65.84,1.2667,2.22,0,0
TXN001118,34,935,11.03,22,Tuesday,healthcare,purchase,mobile_app,1,0,1,0,5,47.92,0.2301,83.33,0,0
TXN001119,44,487,7.76,9,Sunday,grocery,purchase,mobile_app,0,1,1,1,4,13.0,0.5969,11.98,0,0
TXN001120,26,655,73.09,20,Sunday,restaurant,bill_payment,mobile_app,0,1,1,0,4,54.77,1.3346,77.97,0,0
TXN001121,45,1120,18.5,1,Monday,grocery,purchase,web,0,1,1,1,8,40.83,0.4532,52.35,0,1
TXN001122,39,422,78.77,2,Thursday,grocery,purchase,web,0,1,1,0,6,61.67,1.2772,17.93,0,0
TXN001123,29,153,20.43,19,Tuesday,healthcare,transfer,mobile_app,1,0,1,1,6,32.08,0.637,75.36,0,0
TXN001124,36,2057,22.18,5,Friday,fuel,purchase,web,0,1,1,2,10,23.88,0.929,1.06,0,0
TXN001125,37,986,35.64,1,Sunday,electronics,purchase,mobile_app,0,1,1,1,4,24.41,1.4601,17.37,0,0
TXN001126,35,558,54.52,14,Sunday,fashion,purchase,mobile_app,0,1,1,0,7,28.86,1.8889,52.55,0,0
TXN001127,62,469,43.82,3,Sunday,digital_goods,purchase,pos,0,1,1,0,3,43.1,1.0167,33.88,1,0
TXN001128,38,418,25.04,1,Tuesday,digital_goods,purchase,web,0,1,1,0,5,47.3,0.5294,44.21,0,0
TXN001129,36,1693,25.35,9,Thursday,healthcare,purchase,mobile_app,1,0,1,0,5,37.07,0.684,146.84,0,0
TXN001130,18,263,47.17,13,Tuesday,digital_goods,purchase,mobile_app,0,1,1,0,6,31.35,1.5047,7.46,0,0
TXN001131,27,1057,15.05,12,Sunday,fuel,purchase,atm,0,1,1,0,8,33.02,0.456,9.92,1,0
TXN001132,36,1056,216.45,14,Tuesday,travel,cash_withdrawal,mobile_app,0,1,1,0,5,258.67,0.8368,8.82,0,0
TXN001133,30,1342,17.59,0,Tuesday,healthcare,transfer,pos,0,1,1,0,4,24.41,0.7205,13.73,1,0
TXN001134,57,600,25.12,6,Monday,grocery,cash_withdrawal,web,0,1,0,2,4,28.45,0.883,35.03,0,0
TXN001135,37,1947,209.54,8,Tuesday,grocery,cash_withdrawal,mobile_app,0,1,1,0,5,455.58,0.4599,8.25,0,0
TXN001136,56,1368,14.44,7,Tuesday,restaurant,transfer,web,0,1,1,0,3,57.58,0.2507,34.64,0,0
TXN001137,40,584,21.79,13,Monday,electronics,purchase,atm,0,1,1,0,3,15.74,1.3839,19.41,1,0
TXN001138,39,451,148.55,5,Saturday,fuel,purchase,web,0,1,1,0,7,78.0,1.9044,107.42,0,0
TXN001139,38,728,5.78,15,Saturday,digital_goods,purchase,pos,0,1,1,1,6,22.08,0.2617,4.23,1,0
TXN001140,39,570,101.51,22,Tuesday,restaurant,purchase,pos,0,1,0,2,6,81.82,1.2406,15.83,1,0
TXN001141,61,393,75.79,15,Saturday,restaurant,bill_payment,mobile_app,0,1,1,1,7,36.53,2.0749,18.85,0,0
TXN001142,18,847,45.26,9,Thursday,restaurant,purchase,mobile_app,0,1,1,1,5,30.98,1.4609,44.41,0,0
TXN001143,18,658,95.45,10,Saturday,fashion,transfer,mobile_app,0,1,1,0,7,135.45,0.7047,38.63,0,0
TXN001144,32,2246,30.83,14,Wednesday,grocery,purchase,web,0,1,0,0,4,63.93,0.4822,6.35,0,0
TXN001145,39,569,86.39,17,Friday,grocery,purchase,web,0,1,1,0,5,85.67,1.0083,2.92,0,1
TXN001146,48,448,66.13,7,Wednesday,fuel,purchase,mobile_app,1,0,0,1,5,58.16,1.137,190.41,1,1
TXN001147,45,808,31.47,0,Tuesday,restaurant,purchase,pos,1,0,1,0,6,30.88,1.0192,78.13,1,0
TXN001148,34,965,55.17,16,Friday,restaurant,purchase,mobile_app,0,1,0,1,6,66.03,0.8355,15.89,0,0
TXN001149,52,1016,44.31,15,Saturday,travel,cash_withdrawal,pos,0,1,1,0,6,101.56,0.4363,21.52,1,0
TXN001150,52,1010,60.42,2,Saturday,grocery,purchase,pos,0,1,0,0,4,46.85,1.2896,4.44,1,0
TXN001151,41,828,207.72,15,Wednesday,fuel,transfer,mobile_app,0,1,0,1,5,155.58,1.3351,28.04,0,0
TXN001152,52,785,86.22,1,Thursday,restaurant,transfer,mobile_app,0,1,0,0,7,78.44,1.0992,25.01,0,0
TXN001153,43,1219,51.04,15,Saturday,restaurant,purchase,mobile_app,0,1,0,0,5,49.53,1.0304,14.68,0,0
TXN001154,32,364,162.41,17,Monday,digital_goods,bill_payment,pos,0,0,1,1,1,50.96,3.1869,54.93,1,0
TXN001155,48,451,28.48,0,Monday,fashion,purchase,mobile_app,1,1,1,0,9,46.94,0.6068,68.01,0,0
TXN001156,40,205,41.34,17,Wednesday,electronics,purchase,pos,1,0,1,0,4,17.27,2.3932,141.56,1,0
TXN001157,39,369,22.35,2,Tuesday,fuel,purchase,web,0,1,1,0,5,39.85,0.5607,32.01,0,1
TXN001158,58,1586,105.39,6,Wednesday,grocery,purchase,web,1,1,1,0,10,49.86,2.1137,231.41,0,1
TXN001159,18,1185,72.85,16,Monday,grocery,purchase,pos,0,1,1,1,7,31.51,2.3118,9.25,1,0
TXN001160,21,2437,41.77,8,Friday,fashion,purchase,web,0,1,1,2,8,54.22,0.7703,32.36,0,0
TXN001161,24,2077,135.81,23,Friday,grocery,transfer,pos,0,0,1,0,5,43.18,3.1453,35.17,1,1
TXN001162,34,1191,98.96,22,Saturday,electronics,purchase,web,0,1,0,0,8,74.22,1.3334,9.69,0,0
TXN001163,36,895,34.67,23,Friday,digital_goods,transfer,mobile_app,0,1,1,0,4,68.54,0.5058,10.72,0,0
TXN001164,19,819,34.85,2,Wednesday,fashion,purchase,mobile_app,0,1,1,0,7,47.96,0.7266,7.51,0,0
TXN001165,26,101,34.16,4,Sunday,healthcare,purchase,mobile_app,0,1,0,0,6,15.89,2.1503,33.09,0,0
TXN001166,28,755,285.41,4,Saturday,digital_goods,purchase,atm,1,1,1,1,9,154.37,1.8489,97.46,1,0
TXN001167,71,516,17.05,14,Thursday,electronics,purchase,mobile_app,0,1,1,0,9,38.39,0.4441,53.41,0,0
TXN001168,62,383,34.52,10,Tuesday,fuel,purchase,web,0,1,1,2,8,40.12,0.8605,13.73,0,1
TXN001169,34,1066,36.6,17,Friday,travel,transfer,mobile_app,0,1,1,0,4,33.23,1.1013,21.79,0,0
TXN001170,34,691,19.74,6,Friday,fashion,purchase,atm,0,1,1,1,4,29.91,0.66,26.34,1,0
TXN001171,24,856,671.38,4,Friday,travel,purchase,pos,0,1,1,0,5,129.25,5.1946,53.58,1,0
TXN001172,18,337,129.83,15,Saturday,grocery,transfer,atm,0,1,1,0,10,115.35,1.1255,73.88,1,0
TXN001173,37,1407,53.27,14,Sunday,grocery,cash_withdrawal,pos,0,1,0,0,6,58.55,0.9098,29.38,1,0
TXN001174,26,567,88.24,16,Sunday,fashion,bill_payment,mobile_app,1,1,0,0,5,39.35,2.2421,187.06,0,0
TXN001175,38,1028,48.56,7,Friday,grocery,purchase,mobile_app,0,1,1,1,10,66.4,0.7313,9.28,0,0
TXN001176,18,604,88.1,12,Sunday,fuel,cash_withdrawal,web,0,1,0,0,8,44.84,1.9647,68.65,0,0
TXN001177,29,81,10.62,22,Sunday,digital_goods,purchase,mobile_app,0,1,1,0,6,37.08,0.2863,40.27,0,0
TXN001178,41,1095,37.22,14,Monday,fashion,cash_withdrawal,atm,1,0,1,0,3,54.24,0.6862,159.55,1,0
TXN001179,44,724,62.66,22,Friday,restaurant,purchase,pos,0,1,1,0,6,30.95,2.0245,23.05,1,0
TXN001180,44,191,150.23,10,Tuesday,electronics,purchase,mobile_app,1,0,1,1,4,50.99,2.9463,167.98,0,1
TXN001181,22,303,26.85,1,Wednesday,healthcare,bill_payment,pos,0,1,1,1,9,49.26,0.5451,16.87,1,0
TXN001182,50,1434,32.9,18,Wednesday,restaurant,cash_withdrawal,mobile_app,0,1,0,0,7,65.64,0.5012,52.57,0,0
TXN001183,29,201,38.97,11,Thursday,restaurant,purchase,atm,0,1,1,0,5,27.23,1.4313,69.26,1,0
TXN001184,47,555,43.07,1,Monday,healthcare,purchase,mobile_app,0,1,1,1,7,70.9,0.6074,11.43,0,0
TXN001185,39,2573,17.36,3,Tuesday,electronics,cash_withdrawal,atm,0,1,1,0,3,22.14,0.784,5.43,1,0
TXN001186,21,1115,50.34,7,Monday,restaurant,purchase,mobile_app,0,1,1,0,7,28.16,1.7878,20.65,0,0
TXN001187,35,1306,18.68,4,Friday,grocery,purchase,pos,0,1,1,0,7,29.05,0.6429,9.21,1,0
TXN001188,44,647,4.54,16,Sunday,grocery,purchase,pos,0,1,1,0,5,19.65,0.2311,47.04,1,0
TXN001189,47,175,32.93,14,Sunday,travel,purchase,web,0,1,1,1,7,88.35,0.3728,19.56,0,0
TXN001190,37,914,20.28,7,Thursday,fashion,purchase,web,0,1,1,0,8,21.16,0.9581,17.62,0,0
TXN001191,59,322,6.39,2,Tuesday,travel,transfer,atm,0,1,1,1,6,25.71,0.2487,17.7,1,0
TXN001192,52,295,80.64,1,Saturday,fuel,purchase,web,0,1,0,0,6,104.99,0.768,16.07,0,0
TXN001193,36,842,9.84,22,Monday,digital_goods,transfer,web,0,1,1,0,4,28.2,0.3491,5.38,0,0
TXN001194,49,342,115.04,8,Sunday,digital_goods,transfer,web,1,1,0,0,9,37.13,3.098,47.98,0,1
TXN001195,64,774,92.78,2,Friday,grocery,purchase,pos,0,1,0,0,6,20.52,4.5218,39.78,1,0
TXN001196,64,463,34.39,17,Thursday,fashion,cash_withdrawal,web,0,1,1,0,8,77.46,0.444,8.02,0,0
TXN001197,23,755,89.52,20,Monday,grocery,purchase,mobile_app,0,1,1,0,3,78.23,1.1444,38.59,1,0
TXN001198,27,528,34.49,2,Monday,fashion,transfer,pos,0,1,1,0,3,72.39,0.4764,25.54,1,0
TXN001199,58,770,47.67,22,Thursday,travel,purchase,mobile_app,0,1,0,0,3,62.62,0.7613,52.79,0,1
TXN001200,25,1968,156.25,17,Wednesday,fashion,purchase,mobile_app,0,1,1,0,7,44.83,3.4851,23.28,1,0
TXN001201,22,1325,19.81,6,Saturday,electronics,purchase,pos,0,1,1,0,8,29.15,0.6798,10.68,1,0
TXN001202,33,709,18.31,18,Friday,fuel,transfer,mobile_app,0,1,1,0,6,23.65,0.7742,10.24,0,0
TXN001203,44,1769,51.94,10,Thursday,grocery,purchase,mobile_app,0,1,1,0,7,107.63,0.4826,3.58,0,0
TXN001204,38,1038,160.12,15,Tuesday,grocery,transfer,web,0,1,1,0,6,73.75,2.1711,11.53,0,0
TXN001205,31,1691,2.34,3,Thursday,fuel,purchase,pos,0,1,1,0,3,25.81,0.0908,18.92,1,0
TXN001206,30,223,30.26,5,Tuesday,travel,cash_withdrawal,mobile_app,0,1,1,1,4,43.76,0.6916,57.55,1,0
TXN001207,30,345,31.53,18,Friday,fashion,purchase,web,0,1,0,0,4,34.26,0.9203,39.97,0,0
TXN001208,28,907,11.15,19,Friday,fuel,purchase,mobile_app,0,1,1,0,8,18.87,0.591,17.03,0,0
TXN001209,69,696,85.6,0,Saturday,fuel,purchase,web,0,1,1,0,5,48.32,1.7714,8.54,0,0
TXN001210,43,771,71.26,5,Thursday,fashion,purchase,mobile_app,0,1,0,0,7,31.53,2.2602,33.89,0,0
TXN001211,51,1155,7.37,14,Tuesday,fashion,transfer,mobile_app,0,1,1,1,2,21.42,0.3442,12.45,0,0
TXN001212,33,913,62.95,21,Saturday,digital_goods,cash_withdrawal,pos,0,1,0,0,5,14.66,4.2944,8.7,1,0
TXN001213,37,1410,4.71,16,Friday,grocery,purchase,atm,0,1,1,0,8,13.79,0.3414,34.14,1,0
TXN001214,30,1385,78.29,16,Friday,fuel,purchase,pos,0,1,1,1,7,32.54,2.4056,9.96,1,0
TXN001215,18,359,42.38,9,Thursday,fashion,purchase,pos,0,1,1,0,10,39.99,1.0596,44.98,1,0
TXN001216,21,85,14.99,1,Sunday,electronics,cash_withdrawal,pos,0,1,1,0,6,22.64,0.6619,3.83,1,0
TXN001217,18,340,48.12,18,Tuesday,electronics,transfer,pos,1,0,0,1,2,67.93,0.7084,84.93,1,1
TXN001218,18,321,37.66,19,Wednesday,electronics,transfer,mobile_app,0,1,1,1,9,40.56,0.9286,9.3,0,0
TXN001219,23,814,71.19,10,Saturday,fuel,transfer,pos,0,1,1,0,3,64.42,1.1052,41.98,1,0
TXN001220,56,806,18.28,12,Monday,travel,purchase,web,0,1,1,0,3,37.27,0.4904,22.31,0,0
TXN001221,38,666,19.39,5,Saturday,fuel,purchase,mobile_app,0,1,1,1,3,24.13,0.8038,41.13,0,0
TXN001222,56,1065,25.21,10,Wednesday,fuel,transfer,mobile_app,0,1,1,0,9,46.16,0.5461,7.46,0,0
TXN001223,44,3302,6.79,5,Monday,fuel,purchase,mobile_app,0,1,1,0,3,17.13,0.3966,40.06,0,0
TXN001224,49,655,33.11,10,Monday,electronics,purchase,web,0,1,0,0,3,62.7,0.5281,37.14,0,0
TXN001225,27,933,9.0,3,Saturday,fashion,purchase,pos,0,1,1,0,5,21.66,0.4156,10.04,1,0
TXN001226,46,771,57.89,14,Saturday,fuel,transfer,web,0,1,0,0,6,82.36,0.7029,10.91,0,0
TXN001227,48,492,43.28,5,Wednesday,grocery,cash_withdrawal,mobile_app,0,1,1,0,9,33.33,1.2987,11.11,0,1
TXN001228,32,1162,94.82,17,Monday,electronics,bill_payment,mobile_app,0,1,1,0,8,91.38,1.0376,78.62,0,0
TXN001229,46,631,74.68,12,Tuesday,electronics,purchase,pos,1,0,1,0,7,18.95,3.9414,196.35,1,1
TXN001230,46,411,5.06,21,Tuesday,healthcare,purchase,web,0,1,1,1,5,26.1,0.1937,6.45,0,0
TXN001231,32,437,74.6,5,Saturday,travel,purchase,web,0,1,1,1,8,55.94,1.3337,10.54,0,0
TXN001232,24,1444,94.38,6,Tuesday,grocery,transfer,pos,1,0,0,2,3,98.77,0.9556,142.14,1,1
TXN001233,24,1143,241.59,5,Tuesday,grocery,purchase,pos,0,1,1,0,8,141.17,1.7114,25.43,0,0
TXN001234,40,535,69.8,15,Monday,grocery,bill_payment,web,1,0,1,0,5,43.81,1.5934,80.58,0,0
TXN001235,43,1053,134.88,2,Friday,restaurant,purchase,atm,0,1,1,0,8,159.68,0.8447,3.74,1,0
TXN001236,29,778,37.18,16,Friday,fashion,transfer,mobile_app,0,1,1,1,6,34.52,1.0771,9.12,0,0
TXN001237,39,945,52.22,19,Friday,restaurant,transfer,pos,1,0,1,0,6,93.8,0.5567,208.36,0,0
TXN001238,46,481,31.93,16,Friday,digital_goods,purchase,web,0,1,1,0,3,21.58,1.4797,26.34,0,0
TXN001239,47,330,14.15,3,Sunday,grocery,cash_withdrawal,atm,0,1,1,1,1,57.54,0.2459,9.46,1,0
TXN001240,59,628,13.31,11,Thursday,restaurant,purchase,mobile_app,0,1,0,0,6,8.0,1.6642,106.89,0,0
TXN001241,56,380,17.74,12,Saturday,fashion,transfer,atm,0,1,1,1,7,18.96,0.9355,25.76,1,0
TXN001242,26,357,39.86,9,Friday,fuel,transfer,mobile_app,0,1,1,0,4,59.5,0.6699,125.33,0,0
TXN001243,61,236,13.3,11,Monday,digital_goods,purchase,web,0,1,0,0,6,16.53,0.8046,7.52,0,0
TXN001244,32,85,49.05,18,Saturday,electronics,purchase,atm,0,1,1,1,7,57.82,0.8482,5.29,1,0
TXN001245,53,543,197.69,20,Friday,restaurant,bill_payment,pos,0,1,1,1,4,81.67,2.4207,20.69,1,0
TXN001246,40,1624,289.21,7,Friday,fuel,bill_payment,mobile_app,1,0,1,0,3,29.64,9.7583,60.11,0,1
TXN001247,34,1367,48.46,7,Tuesday,grocery,purchase,pos,1,0,1,0,4,21.17,2.2894,184.65,1,0
TXN001248,18,2159,19.14,4,Thursday,digital_goods,bill_payment,mobile_app,0,1,1,0,6,30.22,0.6332,35.43,1,0
TXN001249,37,344,31.76,9,Sunday,electronics,purchase,web,0,1,1,0,6,21.21,1.497,32.07,0,0
TXN001250,19,1213,61.06,13,Tuesday,grocery,purchase,mobile_app,0,1,1,0,6,39.53,1.5446,25.29,0,0
TXN001251,52,707,22.36,17,Monday,fashion,purchase,mobile_app,0,1,1,0,4,45.76,0.4886,9.66,0,0
TXN001252,59,438,13.09,6,Tuesday,fashion,purchase,pos,0,1,1,0,8,34.11,0.3837,45.77,1,0
TXN001253,29,1504,129.02,5,Thursday,digital_goods,purchase,mobile_app,0,1,1,0,7,141.96,0.9089,18.6,0,0
TXN001254,43,712,43.1,0,Saturday,digital_goods,cash_withdrawal,pos,1,0,1,0,4,25.33,1.7016,34.42,1,0
TXN001255,30,153,34.51,2,Friday,electronics,purchase,mobile_app,0,1,0,1,8,115.8,0.298,8.11,0,0
TXN001256,31,1358,11.37,1,Sunday,fuel,purchase,atm,0,1,1,1,4,20.09,0.5661,8.25,1,0
TXN001257,49,1004,64.37,4,Thursday,healthcare,cash_withdrawal,mobile_app,1,0,0,1,6,44.81,1.4366,131.35,0,1
TXN001258,38,847,97.7,16,Wednesday,electronics,transfer,atm,0,1,0,0,4,99.67,0.9802,8.11,1,0
TXN001259,62,287,253.23,18,Tuesday,restaurant,bill_payment,pos,0,1,1,0,4,96.02,2.6372,30.93,1,0
TXN001260,33,918,10.82,23,Tuesday,digital_goods,purchase,web,0,1,1,0,8,31.42,0.3443,2.39,0,0
TXN001261,52,1971,328.06,13,Saturday,grocery,transfer,mobile_app,1,0,1,1,4,63.41,5.1735,46.67,0,0
TXN001262,40,985,18.1,10,Monday,healthcare,purchase,pos,0,1,1,0,5,57.58,0.3143,3.62,1,0
TXN001263,49,204,6.36,21,Tuesday,restaurant,purchase,atm,0,1,1,0,7,28.83,0.2207,50.56,1,0
TXN001264,33,1037,60.4,3,Sunday,digital_goods,cash_withdrawal,mobile_app,1,1,1,0,8,66.25,0.9117,67.55,0,0
TXN001265,38,992,68.32,15,Friday,fuel,purchase,atm,0,1,1,0,8,162.55,0.4203,40.92,1,0
TXN001266,37,1280,55.24,19,Monday,fuel,transfer,atm,0,1,0,0,4,59.72,0.9251,17.66,1,0
TXN001267,28,973,57.67,12,Friday,fashion,purchase,pos,0,1,1,0,3,63.93,0.9021,11.39,1,0
TXN001268,48,358,57.0,6,Thursday,grocery,purchase,mobile_app,0,1,1,0,5,68.99,0.8262,3.32,0,0
TXN001269,47,815,7.7,14,Saturday,fuel,purchase,web,0,1,1,0,9,14.85,0.5186,1.95,0,0
TXN001270,47,637,76.93,23,Friday,healthcare,purchase,pos,0,1,1,0,4,59.23,1.2989,11.09,1,0
TXN001271,59,885,15.48,5,Monday,healthcare,purchase,web,0,1,1,1,2,20.45,0.7569,21.41,0,0
TXN001272,58,1540,58.55,13,Tuesday,healthcare,purchase,web,0,1,1,0,2,27.81,2.1057,5.74,0,0
TXN001273,34,462,168.47,1,Tuesday,fuel,purchase,pos,0,1,1,2,8,201.66,0.8354,87.92,1,1
TXN001274,44,2369,16.83,5,Friday,fuel,transfer,mobile_app,0,1,1,0,3,35.43,0.4749,60.17,0,0
TXN001275,31,1033,7.04,18,Thursday,restaurant,purchase,web,0,1,0,1,1,24.96,0.2822,18.46,0,0
TXN001276,39,1363,81.94,11,Saturday,fuel,purchase,pos,0,1,1,1,3,97.5,0.8404,66.3,1,0
TXN001277,31,1243,8.2,4,Thursday,fuel,purchase,atm,0,0,0,0,6,21.49,0.3814,18.97,0,0
TXN001278,60,1004,11.09,8,Wednesday,grocery,purchase,pos,1,0,1,1,3,30.81,0.3599,98.64,1,0
TXN001279,44,1134,145.34,2,Monday,grocery,purchase,atm,1,0,0,1,4,104.51,1.3906,200.8,0,0
TXN001280,36,12,11.6,18,Tuesday,fuel,cash_withdrawal,mobile_app,0,1,1,0,4,43.85,0.2645,37.3,0,0
TXN001281,55,1242,36.32,22,Wednesday,electronics,transfer,web,1,0,1,0,5,13.81,2.6295,132.57,0,1
TXN001282,18,382,67.13,2,Thursday,electronics,purchase,mobile_app,0,1,1,0,5,62.91,1.0672,74.41,0,0
TXN001283,18,743,29.46,5,Sunday,grocery,transfer,pos,0,1,1,0,3,31.96,0.9217,12.96,1,0
TXN001284,49,999,58.19,20,Tuesday,digital_goods,purchase,mobile_app,0,1,1,0,7,128.86,0.4516,41.42,1,0
TXN001285,40,1585,45.33,21,Friday,healthcare,purchase,web,0,1,1,0,3,27.48,1.6493,17.44,0,0
TXN001286,42,382,86.04,18,Tuesday,fuel,purchase,web,0,1,1,1,4,90.64,0.9492,8.73,0,0
TXN001287,22,553,88.63,17,Friday,healthcare,purchase,mobile_app,0,1,1,1,7,152.7,0.5804,5.05,0,0
TXN001288,39,612,25.31,20,Monday,digital_goods,purchase,mobile_app,0,1,1,1,6,23.04,1.0984,45.13,0,0
TXN001289,65,893,10.48,8,Friday,electronics,purchase,atm,0,1,1,0,8,37.0,0.2832,28.28,1,0
TXN001290,50,641,16.48,21,Tuesday,grocery,purchase,mobile_app,1,0,1,0,2,56.25,0.293,222.12,0,0
TXN001291,41,1138,9.74,21,Tuesday,electronics,purchase,pos,0,1,1,1,9,22.94,0.4246,45.79,1,0
TXN001292,33,159,63.2,5,Thursday,grocery,purchase,pos,0,1,1,1,7,51.66,1.2234,10.92,1,0
TXN001293,34,701,34.32,1,Wednesday,fuel,transfer,mobile_app,0,1,1,0,6,36.16,0.949,27.06,1,0
TXN001294,18,2096,72.15,12,Thursday,electronics,transfer,pos,0,1,1,1,4,35.64,2.0244,30.98,1,0
TXN001295,42,642,21.6,18,Wednesday,digital_goods,purchase,mobile_app,0,1,1,2,5,44.05,0.4905,97.95,0,0
TXN001296,50,1035,64.4,20,Sunday,fuel,purchase,mobile_app,0,1,1,1,6,44.76,1.4387,93.8,0,0
TXN001297,19,1428,41.93,3,Wednesday,travel,purchase,mobile_app,0,1,0,0,7,47.85,0.8764,11.1,0,0
TXN001298,30,1012,13.33,9,Thursday,healthcare,transfer,pos,0,1,1,0,7,27.63,0.4824,8.6,0,0
TXN001299,24,2504,35.79,18,Saturday,healthcare,purchase,atm,0,1,1,1,5,28.51,1.2554,24.92,1,0
TXN001300,26,828,35.41,1,Friday,fashion,purchase,mobile_app,0,1,1,0,6,39.04,0.9071,50.39,1,1
TXN001301,40,1176,24.9,17,Wednesday,fashion,bill_payment,atm,0,1,1,0,4,41.17,0.6047,1.76,1,0
TXN001302,18,919,30.39,6,Thursday,healthcare,purchase,atm,0,1,0,0,5,31.0,0.9804,77.76,1,0
TXN001303,47,1831,46.52,0,Monday,fuel,purchase,pos,0,1,1,0,6,53.69,0.8665,13.89,0,0
TXN001304,49,574,9.8,5,Thursday,digital_goods,transfer,web,0,1,1,1,5,11.51,0.8516,48.76,0,0
TXN001305,36,2632,17.76,17,Thursday,grocery,bill_payment,pos,0,1,1,0,3,25.13,0.7068,14.09,1,0
TXN001306,18,471,12.92,20,Saturday,restaurant,purchase,atm,0,1,1,0,10,34.76,0.3717,72.05,1,0
TXN001307,26,2224,23.04,1,Saturday,restaurant,purchase,mobile_app,0,1,1,1,7,22.96,1.0038,13.84,0,0
TXN001308,55,345,73.34,11,Tuesday,grocery,purchase,pos,0,1,1,0,10,137.42,0.5337,38.6,1,1
TXN001309,18,1202,19.67,4,Monday,grocery,purchase,mobile_app,0,1,1,0,2,43.1,0.4563,21.83,0,0
TXN001310,34,778,38.63,16,Wednesday,grocery,purchase,atm,1,0,1,0,8,48.29,0.7999,76.77,0,0
TXN001311,24,1409,48.45,18,Thursday,electronics,purchase,atm,0,1,1,0,5,30.03,1.6137,13.19,1,0
TXN001312,49,1053,45.71,23,Wednesday,grocery,purchase,mobile_app,0,1,1,1,6,42.04,1.0872,1.29,0,0
TXN001313,30,1359,11.5,8,Friday,restaurant,transfer,mobile_app,0,1,0,0,5,17.73,0.6489,11.34,0,0
TXN001314,44,335,23.72,7,Thursday,digital_goods,bill_payment,atm,0,1,1,0,4,37.63,0.6304,30.0,1,0
TXN001315,46,189,32.56,7,Sunday,fuel,transfer,pos,0,0,1,0,6,21.66,1.5035,69.31,1,0
TXN001316,63,290,5.9,18,Wednesday,fuel,purchase,pos,0,1,1,0,6,34.82,0.1694,20.76,1,0
TXN001317,36,284,13.51,10,Monday,grocery,purchase,atm,0,1,1,0,10,8.0,1.6889,121.76,1,0
TXN001318,44,332,4.66,0,Wednesday,digital_goods,purchase,mobile_app,0,1,1,1,11,18.87,0.2468,54.57,0,0
TXN001319,20,496,41.89,22,Friday,grocery,purchase,mobile_app,0,0,0,0,9,122.0,0.3433,9.12,0,0
TXN001320,54,493,50.79,2,Tuesday,electronics,purchase,pos,0,1,1,0,8,77.31,0.6569,22.22,1,0
TXN001321,29,791,498.8,22,Tuesday,restaurant,transfer,web,1,1,0,0,10,109.92,4.538,85.96,0,0
TXN001322,32,405,367.57,3,Wednesday,healthcare,purchase,atm,0,1,1,0,5,115.49,3.1827,14.33,1,0
TXN001323,39,431,109.2,12,Saturday,healthcare,purchase,mobile_app,0,1,1,0,6,69.03,1.582,29.71,0,0
TXN001324,19,671,37.74,7,Sunday,fashion,purchase,mobile_app,1,0,1,1,4,30.69,1.2296,96.76,0,0
TXN001325,42,1537,5.01,16,Wednesday,fashion,bill_payment,web,0,1,1,0,3,20.15,0.2489,21.61,0,0
TXN001326,52,567,103.39,9,Tuesday,restaurant,cash_withdrawal,web,0,1,1,1,4,97.09,1.0649,62.75,0,0
TXN001327,43,754,28.53,8,Thursday,fuel,purchase,atm,0,1,1,1,6,44.54,0.6405,13.1,1,0
TXN001328,18,844,135.33,11,Wednesday,grocery,purchase,mobile_app,0,1,0,0,8,256.13,0.5283,3.58,1,0
TXN001329,37,365,34.76,23,Sunday,electronics,transfer,pos,0,1,1,0,7,32.69,1.0634,96.51,1,0
TXN001330,49,609,119.26,5,Thursday,healthcare,purchase,web,1,0,1,1,6,176.0,0.6776,130.23,0,0
TXN001331,18,459,67.56,5,Friday,healthcare,cash_withdrawal,pos,0,1,1,0,4,37.98,1.7787,33.91,1,0
TXN001332,25,1443,26.26,1,Sunday,travel,cash_withdrawal,web,0,1,1,0,5,111.27,0.236,75.9,0,1
TXN001333,50,1366,144.84,17,Friday,electronics,cash_withdrawal,web,0,1,1,0,2,144.26,1.004,48.57,0,0
TXN001334,43,423,10.28,16,Tuesday,electronics,purchase,atm,0,1,1,0,7,20.36,0.5051,14.17,1,0
TXN001335,44,744,21.24,14,Friday,restaurant,transfer,web,0,1,1,0,4,29.99,0.7083,95.59,0,0
TXN001336,63,1177,23.94,0,Wednesday,electronics,purchase,web,0,1,1,1,8,20.21,1.1845,29.87,0,0
TXN001337,45,975,7.46,18,Thursday,fuel,purchase,atm,0,1,1,0,5,17.54,0.4255,42.38,1,0
TXN001338,48,1048,73.59,19,Sunday,grocery,purchase,mobile_app,0,1,1,0,8,68.74,1.0706,2.11,0,0
TXN001339,74,367,30.13,22,Tuesday,grocery,purchase,pos,0,1,1,0,6,36.91,0.8164,6.82,1,0
TXN001340,36,2173,26.1,22,Thursday,electronics,purchase,mobile_app,0,1,1,1,4,44.15,0.5912,5.08,0,0
TXN001341,29,489,43.02,6,Tuesday,fashion,transfer,mobile_app,0,1,0,1,8,63.47,0.6779,4.62,0,0
TXN001342,45,478,9.5,17,Tuesday,travel,transfer,pos,0,1,1,0,4,11.16,0.8511,36.51,1,0
TXN001343,45,260,58.77,9,Friday,restaurant,purchase,mobile_app,0,1,1,0,10,107.39,0.5473,8.72,0,0
TXN001344,32,693,31.62,14,Saturday,fuel,transfer,pos,0,1,1,1,6,33.07,0.9561,28.59,1,0
TXN001345,26,1644,48.57,7,Friday,fashion,bill_payment,web,0,1,1,0,4,62.39,0.7786,47.41,1,0
TXN001346,69,968,40.72,15,Wednesday,electronics,purchase,mobile_app,0,0,1,0,7,66.48,0.6126,11.06,0,0
TXN001347,43,733,340.92,22,Monday,fashion,cash_withdrawal,mobile_app,0,1,1,0,5,114.09,2.9882,8.5,0,0
TXN001348,29,1301,50.58,15,Thursday,electronics,bill_payment,mobile_app,0,1,1,2,8,39.43,1.2827,2.33,0,0
TXN001349,51,1618,6.66,22,Thursday,fuel,transfer,mobile_app,0,1,1,0,3,9.22,0.7221,59.36,0,0
TXN001350,38,1364,46.81,22,Saturday,restaurant,purchase,mobile_app,0,1,0,0,7,44.31,1.0566,11.6,0,0
TXN001351,36,139,22.31,2,Friday,healthcare,transfer,mobile_app,0,1,1,0,5,49.13,0.4542,79.29,1,0
TXN001352,46,1308,14.03,23,Sunday,healthcare,cash_withdrawal,mobile_app,0,1,1,0,3,20.19,0.6946,33.37,0,0
TXN001353,22,1077,35.72,19,Saturday,fashion,purchase,web,0,1,0,0,4,47.29,0.7554,67.01,0,1
TXN001354,44,415,12.71,10,Wednesday,digital_goods,purchase,mobile_app,1,1,1,0,7,32.79,0.3876,56.1,0,0
TXN001355,64,1080,20.33,14,Friday,grocery,purchase,mobile_app,0,1,1,1,8,16.17,1.2572,40.81,0,0
TXN001356,45,1646,45.58,14,Saturday,fuel,purchase,mobile_app,0,1,1,1,3,68.96,0.661,41.89,0,0
TXN001357,34,506,20.87,18,Sunday,grocery,purchase,mobile_app,1,0,1,2,8,28.34,0.7364,130.34,0,0
TXN001358,32,1428,20.04,19,Thursday,electronics,purchase,mobile_app,0,1,1,0,8,31.73,0.6316,9.1,0,0
TXN001359,34,983,244.08,2,Friday,restaurant,transfer,mobile_app,0,1,0,1,4,30.48,8.0088,12.25,0,0
TXN001360,36,28,61.1,0,Wednesday,fashion,cash_withdrawal,mobile_app,0,1,1,0,6,103.5,0.5903,57.88,0,0
TXN001361,34,773,8.86,5,Saturday,fashion,purchase,pos,0,1,1,0,4,41.29,0.2145,2.94,1,0
TXN001362,51,956,13.53,12,Sunday,digital_goods,purchase,mobile_app,1,0,1,1,11,45.01,0.3006,67.18,0,0
TXN001363,18,628,50.88,20,Sunday,restaurant,purchase,mobile_app,0,1,0,0,6,30.96,1.6433,39.9,0,1
TXN001364,50,1009,147.75,15,Tuesday,healthcare,purchase,atm,1,0,1,0,4,59.34,2.4899,160.1,1,0
TXN001365,34,714,65.41,3,Tuesday,digital_goods,purchase,web,0,1,1,0,7,112.34,0.5822,16.79,0,0
TXN001366,44,2971,161.95,17,Saturday,digital_goods,purchase,mobile_app,0,1,1,0,5,67.79,2.3889,0.47,0,0
TXN001367,24,595,113.12,11,Friday,electronics,bill_payment,pos,0,1,1,0,8,69.72,1.6225,74.5,1,0
TXN001368,56,425,54.6,8,Sunday,restaurant,purchase,atm,0,1,1,1,5,65.79,0.8299,15.32,1,0
TXN001369,55,1381,12.41,18,Wednesday,fashion,purchase,pos,0,1,1,1,10,15.74,0.7886,37.7,1,0
TXN001370,51,653,24.52,7,Saturday,healthcare,transfer,pos,1,0,1,1,6,22.63,1.0835,339.16,1,0
TXN001371,19,742,65.64,14,Friday,grocery,purchase,web,0,1,1,0,10,36.69,1.7892,16.35,0,0
TXN001372,50,697,31.93,4,Tuesday,travel,purchase,atm,0,1,1,0,6,25.21,1.2662,38.11,1,1
TXN001373,44,1331,11.54,9,Monday,travel,purchase,web,0,1,1,0,4,19.76,0.5843,76.05,0,0
TXN001374,18,330,9.27,13,Friday,electronics,cash_withdrawal,pos,0,1,1,0,9,11.05,0.8391,44.87,1,0
TXN001375,39,1426,63.88,14,Tuesday,digital_goods,purchase,web,0,0,1,0,7,16.13,3.9611,31.92,0,0
TXN001376,44,1137,40.29,22,Saturday,grocery,transfer,mobile_app,0,1,1,1,5,35.35,1.1398,44.58,0,0
TXN001377,46,2374,71.95,6,Thursday,travel,cash_withdrawal,mobile_app,0,1,1,1,6,40.45,1.7788,50.06,1,1
TXN001378,41,905,33.71,21,Thursday,fashion,transfer,web,1,0,0,0,4,24.02,1.4031,74.09,0,1
TXN001379,43,351,52.12,19,Tuesday,restaurant,purchase,web,0,1,1,1,6,45.01,1.1581,77.45,0,0
TXN001380,58,912,32.01,8,Sunday,grocery,transfer,pos,0,1,1,1,5,31.11,1.0287,26.63,1,0
TXN001381,55,992,169.24,3,Saturday,fuel,cash_withdrawal,mobile_app,0,1,1,0,4,93.24,1.8151,52.76,0,0
TXN001382,18,1739,60.4,6,Saturday,restaurant,purchase,pos,0,1,0,1,8,37.85,1.5959,7.08,1,0
TXN001383,35,350,80.75,15,Saturday,healthcare,cash_withdrawal,mobile_app,0,1,0,0,3,70.2,1.1503,21.59,0,0
TXN001384,37,205,28.41,18,Friday,fashion,cash_withdrawal,web,0,1,1,0,6,49.22,0.5772,9.64,0,0
TXN001385,18,925,19.46,14,Sunday,healthcare,purchase,web,0,1,1,1,5,15.49,1.2556,34.42,0,0
TXN001386,40,2439,36.11,17,Friday,grocery,cash_withdrawal,mobile_app,0,1,1,0,10,39.83,0.9064,6.33,0,0
TXN001387,55,1251,13.31,2,Thursday,fashion,purchase,web,0,1,1,0,6,17.47,0.7619,44.94,0,0
TXN001388,25,1300,257.46,12,Tuesday,restaurant,purchase,mobile_app,1,0,1,0,6,39.34,6.5451,91.4,0,1
TXN001389,43,253,7.81,20,Wednesday,fashion,purchase,mobile_app,0,1,1,3,5,24.87,0.3141,18.81,0,0
TXN001390,27,821,106.18,9,Saturday,restaurant,purchase,pos,1,0,0,1,4,55.98,1.8967,106.03,1,1
TXN001391,30,1761,8.27,21,Wednesday,electronics,purchase,mobile_app,0,1,1,0,5,16.18,0.5111,7.13,0,0
TXN001392,58,1001,44.93,2,Saturday,grocery,purchase,atm,0,1,1,0,7,42.97,1.0455,44.69,1,0
TXN001393,32,191,388.2,23,Sunday,digital_goods,purchase,atm,0,1,0,0,6,64.21,6.0459,8.18,1,0
TXN001394,45,809,38.88,18,Thursday,digital_goods,purchase,mobile_app,1,0,0,1,4,81.73,0.4757,59.98,0,1
TXN001395,18,1193,13.85,15,Monday,grocery,purchase,pos,0,1,1,0,4,24.53,0.5649,59.4,1,0
TXN001396,63,747,40.45,14,Friday,fuel,purchase,pos,0,1,1,1,7,43.07,0.9393,60.32,1,0
TXN001397,47,388,25.09,22,Monday,fashion,bill_payment,pos,0,1,1,2,6,48.55,0.5169,34.21,1,0
TXN001398,37,1409,232.86,9,Saturday,restaurant,transfer,pos,0,1,0,1,6,129.53,1.7977,119.75,1,0
TXN001399,46,577,9.47,3,Thursday,electronics,purchase,web,0,1,1,0,8,14.64,0.6474,83.23,0,0
TXN001400,21,1067,33.61,22,Thursday,digital_goods,purchase,pos,0,1,1,1,8,22.07,1.5233,18.62,1,0
TXN001401,54,794,117.0,2,Friday,fuel,purchase,mobile_app,0,1,1,0,6,320.29,0.3653,7.95,0,0
TXN001402,35,560,9.05,15,Thursday,fashion,purchase,mobile_app,1,0,1,0,7,34.93,0.259,177.29,0,0
TXN001403,36,2614,8.79,6,Wednesday,fuel,purchase,atm,0,1,1,0,4,10.9,0.8066,27.7,1,0
TXN001404,33,512,8.6,22,Wednesday,fashion,cash_withdrawal,mobile_app,0,1,1,0,5,27.95,0.3075,38.4,0,0
TXN001405,31,842,22.71,23,Wednesday,grocery,cash_withdrawal,web,0,1,0,0,4,8.0,2.8382,41.41,0,0
TXN001406,48,792,15.99,11,Sunday,healthcare,purchase,web,0,1,1,0,6,50.58,0.3162,10.29,0,0
TXN001407,42,909,34.33,12,Monday,electronics,cash_withdrawal,mobile_app,0,1,1,1,7,76.18,0.4506,7.23,1,0
TXN001408,47,2492,28.26,10,Wednesday,digital_goods,purchase,pos,0,1,1,0,4,22.06,1.2812,39.07,1,0
TXN001409,39,1194,18.89,10,Tuesday,digital_goods,transfer,mobile_app,0,1,1,0,6,30.3,0.6236,38.02,0,0
TXN001410,46,556,26.36,22,Thursday,fuel,bill_payment,mobile_app,0,0,1,1,7,82.68,0.3188,4.66,0,0
TXN001411,34,2012,49.83,6,Monday,fuel,purchase,atm,0,0,1,0,3,12.06,4.1321,11.53,1,0
TXN001412,68,1335,7.59,23,Saturday,grocery,transfer,pos,0,1,1,0,9,16.42,0.4625,7.28,1,0
TXN001413,19,565,29.8,15,Monday,restaurant,transfer,pos,1,1,0,0,5,36.08,0.8259,123.26,1,0
TXN001414,55,1817,20.24,23,Friday,fuel,purchase,mobile_app,0,1,1,2,1,24.74,0.8182,21.5,0,0
TXN001415,57,251,54.59,14,Tuesday,grocery,purchase,pos,0,1,1,0,7,34.41,1.5863,2.0,1,0
TXN001416,28,318,22.71,19,Thursday,grocery,transfer,web,0,1,1,0,8,17.12,1.327,24.76,0,0
TXN001417,68,178,26.02,11,Tuesday,healthcare,purchase,pos,0,1,0,0,4,49.62,0.5245,30.02,1,0
TXN001418,52,105,28.73,11,Saturday,travel,purchase,mobile_app,0,1,0,0,3,38.19,0.7523,31.43,0,0
TXN001419,52,1734,51.01,6,Sunday,travel,purchase,mobile_app,0,1,0,0,4,63.14,0.8078,7.33,0,0
TXN001420,39,917,80.12,5,Tuesday,electronics,purchase,web,0,1,0,0,7,49.12,1.6311,22.18,0,0
TXN001421,36,196,20.24,0,Sunday,fuel,purchase,web,0,1,1,1,8,49.34,0.4102,66.1,0,0
TXN001422,36,777,61.05,9,Wednesday,restaurant,bill_payment,mobile_app,0,1,1,0,11,15.01,4.0675,11.71,0,0
TXN001423,44,1458,33.38,23,Thursday,fashion,purchase,web,0,1,1,0,4,60.62,0.5507,63.24,1,0
TXN001424,57,442,31.67,22,Friday,restaurant,purchase,atm,0,1,1,0,7,33.51,0.9453,14.45,1,0
TXN001425,41,628,15.56,16,Tuesday,grocery,cash_withdrawal,mobile_app,1,0,1,0,5,37.71,0.4126,194.02,0,1
TXN001426,27,2692,33.79,8,Thursday,restaurant,purchase,web,0,1,1,0,5,90.45,0.3736,37.66,0,0
TXN001427,50,672,12.84,12,Monday,grocery,cash_withdrawal,mobile_app,1,0,1,1,10,25.33,0.5068,116.82,0,0
TXN001428,51,212,53.2,18,Friday,digital_goods,cash_withdrawal,pos,1,1,1,0,3,112.49,0.4729,205.67,1,0
TXN001429,48,530,84.92,0,Wednesday,grocery,purchase,web,0,1,1,0,4,120.3,0.7059,49.17,0,0
TXN001430,49,182,34.37,22,Sunday,electronics,purchase,web,0,1,1,0,8,73.11,0.4701,5.9,0,0
TXN001431,35,1261,32.94,20,Tuesday,restaurant,bill_payment,pos,0,1,1,1,7,20.99,1.5696,70.85,1,0
TXN001432,27,392,4.77,23,Sunday,grocery,transfer,atm,0,1,1,1,5,8.81,0.5413,33.52,1,0
TXN001433,28,381,46.21,2,Tuesday,restaurant,purchase,mobile_app,1,0,0,0,3,92.46,0.4998,171.65,0,0
TXN001434,18,2848,33.02,22,Friday,restaurant,purchase,atm,0,1,1,0,10,46.07,0.7168,49.23,1,0
TXN001435,42,287,48.34,14,Wednesday,healthcare,purchase,pos,0,1,1,0,6,24.86,1.9442,25.51,1,0
TXN001436,38,241,109.91,13,Tuesday,grocery,transfer,mobile_app,0,1,1,0,3,98.98,1.1104,40.24,0,0
TXN001437,33,333,20.24,4,Monday,fuel,transfer,atm,1,0,1,0,5,22.87,0.8853,129.08,0,1
TXN001438,18,1488,10.62,11,Friday,fashion,purchase,mobile_app,0,1,1,0,7,31.33,0.339,44.46,1,0
TXN001439,23,1150,25.92,8,Tuesday,grocery,transfer,pos,0,1,1,1,7,62.05,0.4178,12.21,1,0
TXN001440,54,524,7.23,23,Friday,fuel,purchase,atm,0,1,0,0,6,19.07,0.3789,16.45,1,0
TXN001441,30,487,95.79,8,Sunday,digital_goods,purchase,pos,0,1,0,1,5,39.3,2.4374,37.36,1,0
TXN001442,44,1090,129.82,5,Wednesday,fashion,purchase,atm,0,1,1,0,6,93.15,1.3938,71.62,1,0
TXN001443,21,942,25.32,22,Monday,healthcare,purchase,mobile_app,0,1,1,0,7,49.5,0.5115,23.58,0,0
TXN001444,58,705,66.14,4,Tuesday,fashion,purchase,web,0,1,1,0,5,104.39,0.6336,46.14,0,1
TXN001445,37,1178,50.5,21,Monday,travel,purchase,pos,0,1,1,0,5,96.18,0.5251,42.93,1,0
TXN001446,43,313,21.49,23,Thursday,healthcare,transfer,mobile_app,0,1,1,0,6,42.76,0.5027,67.93,0,0
TXN001447,69,397,10.6,7,Saturday,electronics,bill_payment,mobile_app,1,0,1,1,2,8.0,1.325,198.27,0,0
TXN001448,59,1220,14.83,16,Wednesday,fuel,purchase,atm,0,1,0,0,4,19.18,0.7733,31.92,1,0
TXN001449,35,997,313.58,19,Tuesday,fashion,purchase,web,0,1,1,0,12,73.67,4.2565,29.37,0,0
TXN001450,31,817,32.59,12,Friday,digital_goods,cash_withdrawal,mobile_app,0,1,1,0,7,13.93,2.3403,31.93,1,0
TXN001451,35,2784,82.07,16,Wednesday,digital_goods,purchase,mobile_app,1,1,1,0,6,33.61,2.442,240.73,0,0
TXN001452,46,1357,83.69,3,Friday,grocery,transfer,mobile_app,0,1,1,0,7,54.26,1.5425,24.19,0,0
TXN001453,38,537,85.95,12,Sunday,fashion,purchase,atm,0,1,1,0,5,122.5,0.7017,53.38,1,0
TXN001454,34,427,41.12,12,Wednesday,electronics,purchase,web,0,1,1,0,7,28.11,1.4629,9.27,0,0
TXN001455,58,1031,19.8,13,Thursday,fashion,transfer,web,0,1,1,0,5,26.75,0.74,37.15,0,0
TXN001456,38,1731,125.97,22,Saturday,fashion,purchase,pos,0,1,0,0,3,40.95,3.0765,19.55,1,0
TXN001457,69,155,69.67,19,Friday,grocery,purchase,mobile_app,0,0,1,0,6,54.74,1.2726,30.31,1,0
TXN001458,40,979,43.72,14,Saturday,digital_goods,purchase,atm,0,1,1,0,8,38.05,1.149,18.74,1,0
TXN001459,62,620,94.35,9,Saturday,restaurant,transfer,mobile_app,1,0,1,0,4,90.51,1.0424,83.68,0,0
TXN001460,44,917,79.65,9,Thursday,restaurant,bill_payment,web,0,1,1,0,3,23.92,3.3301,7.57,0,0
TXN001461,52,225,15.71,0,Thursday,healthcare,purchase,web,1,0,1,0,4,46.36,0.3388,214.98,0,0
TXN001462,30,1730,209.37,13,Friday,fuel,purchase,atm,1,0,1,0,10,58.59,3.5736,76.46,1,0
TXN001463,28,2041,26.52,6,Friday,fuel,purchase,pos,0,1,1,0,6,31.88,0.8319,32.3,1,0
TXN001464,45,1275,26.9,21,Friday,grocery,cash_withdrawal,mobile_app,0,1,1,2,8,77.83,0.3456,11.1,0,0
TXN001465,52,2310,26.2,18,Wednesday,grocery,purchase,mobile_app,0,1,1,0,6,47.34,0.5534,10.67,0,0
TXN001466,40,596,21.75,21,Saturday,grocery,purchase,web,0,1,0,1,6,75.04,0.2898,30.11,0,0
TXN001467,22,963,74.47,23,Tuesday,travel,purchase,web,0,1,1,0,5,48.9,1.5229,3.24,0,0
TXN001468,21,1287,25.11,9,Tuesday,travel,purchase,mobile_app,0,1,1,0,6,55.76,0.4504,38.42,0,0
TXN001469,20,1040,28.97,10,Wednesday,restaurant,cash_withdrawal,pos,1,0,0,0,6,26.97,1.0741,247.7,1,0
TXN001470,18,657,58.12,14,Tuesday,fuel,purchase,pos,0,1,1,0,2,27.0,2.1525,7.73,1,0
TXN001471,40,711,60.2,10,Friday,grocery,purchase,web,0,1,1,0,4,102.67,0.5863,81.33,0,0
TXN001472,54,1922,52.7,6,Tuesday,fuel,purchase,web,0,1,1,0,5,67.19,0.7842,70.45,0,0
TXN001473,39,787,7.58,16,Friday,digital_goods,purchase,mobile_app,0,1,1,0,4,20.36,0.3722,16.68,0,0
TXN001474,18,1666,34.83,10,Thursday,grocery,purchase,web,0,1,1,0,3,48.43,0.7192,60.08,0,0
TXN001475,37,758,48.56,22,Tuesday,fuel,purchase,web,0,1,1,0,2,8.0,6.0696,11.19,0,0
TXN001476,37,1659,46.85,5,Tuesday,grocery,purchase,pos,0,1,1,0,3,28.13,1.6655,38.72,1,0
TXN001477,66,850,66.78,10,Thursday,restaurant,purchase,web,0,1,1,0,5,84.94,0.7862,63.6,0,0
TXN001478,20,1216,23.8,12,Saturday,fashion,purchase,mobile_app,0,1,1,0,7,38.86,0.6124,13.12,0,0
TXN001479,34,472,42.7,21,Wednesday,grocery,purchase,mobile_app,1,0,0,1,10,46.29,0.9225,126.44,0,0
TXN001480,61,961,8.36,13,Tuesday,travel,purchase,mobile_app,0,1,1,0,3,8.0,1.0446,27.36,0,0
TXN001481,45,478,22.55,1,Wednesday,digital_goods,purchase,pos,0,1,0,0,4,32.06,0.7035,12.51,1,0
TXN001482,46,585,75.58,8,Monday,electronics,cash_withdrawal,pos,0,1,1,0,7,54.25,1.3933,13.46,1,0
TXN001483,40,622,28.46,21,Monday,fashion,purchase,pos,0,1,1,0,2,59.44,0.4788,7.68,1,0
TXN001484,43,702,40.56,6,Sunday,fuel,purchase,pos,0,1,1,0,9,85.02,0.4771,0.37,0,0
TXN001485,49,1535,45.38,8,Monday,grocery,transfer,mobile_app,0,1,1,1,10,36.55,1.2418,14.71,0,0
TXN001486,28,567,15.48,3,Monday,fashion,purchase,atm,0,1,1,0,10,37.74,0.4101,16.26,1,0
TXN001487,50,892,26.2,17,Sunday,restaurant,transfer,atm,0,1,1,1,4,16.3,1.6078,11.14,1,0
TXN001488,21,1663,34.55,3,Friday,grocery,purchase,mobile_app,0,1,1,0,3,36.7,0.9415,7.36,0,0
TXN001489,43,1198,4.37,8,Thursday,healthcare,transfer,web,1,0,0,0,5,17.14,0.2551,75.62,0,0
TXN001490,41,158,11.57,17,Friday,restaurant,transfer,atm,0,1,1,0,7,11.24,1.0293,32.48,1,0
TXN001491,31,219,5.5,21,Sunday,fashion,purchase,pos,0,1,1,0,7,19.47,0.2827,5.29,1,0
TXN001492,39,1054,197.45,5,Monday,electronics,purchase,mobile_app,0,1,1,1,3,126.0,1.5671,28.69,0,0
TXN001493,31,545,27.83,7,Tuesday,grocery,cash_withdrawal,pos,0,1,1,0,2,34.99,0.7953,9.8,1,0
TXN001494,25,190,179.66,2,Saturday,fashion,purchase,pos,0,1,1,0,4,49.81,3.6067,46.55,1,0
TXN001495,34,514,60.44,10,Saturday,fuel,purchase,pos,0,1,1,0,3,29.38,2.0572,11.34,1,0
TXN001496,25,1081,5.19,23,Sunday,electronics,bill_payment,mobile_app,0,1,1,1,8,11.71,0.4432,53.74,0,0
TXN001497,43,617,18.52,7,Wednesday,fashion,cash_withdrawal,mobile_app,0,1,1,0,4,83.43,0.222,50.86,0,0
TXN001498,24,832,4.92,6,Sunday,restaurant,bill_payment,atm,0,1,1,0,7,8.9,0.5523,35.58,1,0
TXN001499,48,660,11.26,9,Wednesday,travel,transfer,mobile_app,0,1,0,1,4,28.52,0.3948,11.05,0,0
TXN001500,24,459,144.78,21,Friday,fashion,transfer,mobile_app,0,1,1,0,6,40.88,3.5414,18.71,0,1
TXN001501,32,948,47.4,13,Sunday,fuel,cash_withdrawal,pos,0,1,1,0,5,50.2,0.9442,20.94,1,0
TXN001502,31,170,46.95,14,Tuesday,restaurant,cash_withdrawal,mobile_app,1,0,1,0,3,25.2,1.8628,249.02,0,0
TXN001503,56,412,8.77,18,Tuesday,fashion,transfer,web,0,1,1,0,2,11.32,0.7747,57.21,0,0
TXN001504,43,1354,19.96,17,Friday,restaurant,purchase,pos,0,1,1,0,3,23.88,0.8358,16.82,1,0
TXN001505,36,226,23.04,14,Saturday,healthcare,purchase,web,0,1,1,2,6,24.8,0.9291,45.79,0,0
TXN001506,45,802,51.42,13,Monday,digital_goods,purchase,pos,1,0,1,0,7,24.37,2.11,129.12,1,0
TXN001507,18,580,101.78,12,Saturday,travel,purchase,web,0,1,1,1,3,85.49,1.1905,12.32,0,0
TXN001508,38,538,7.88,4,Wednesday,restaurant,bill_payment,mobile_app,0,1,1,0,3,17.75,0.4443,10.02,0,0
TXN001509,65,1441,161.57,9,Wednesday,healthcare,cash_withdrawal,mobile_app,0,1,1,2,12,52.81,3.0594,46.38,1,0
TXN001510,41,1631,36.71,20,Wednesday,digital_goods,purchase,mobile_app,0,1,1,0,4,47.65,0.7704,65.51,0,0
TXN001511,40,332,58.18,0,Sunday,grocery,purchase,mobile_app,0,1,1,0,8,84.9,0.6852,14.18,0,0
TXN001512,46,706,4.79,19,Monday,electronics,purchase,pos,1,1,1,2,11,38.63,0.124,168.33,1,0
TXN001513,51,126,112.89,13,Friday,travel,purchase,pos,0,1,1,0,8,75.16,1.502,19.28,1,0
TXN001514,18,1387,38.43,8,Tuesday,digital_goods,cash_withdrawal,mobile_app,0,1,1,0,6,37.56,1.023,9.33,0,0
TXN001515,18,772,59.42,2,Sunday,healthcare,purchase,mobile_app,0,1,1,0,10,58.13,1.0222,14.67,0,0
TXN001516,42,211,10.26,18,Saturday,digital_goods,purchase,atm,0,1,1,0,3,14.41,0.7117,19.31,1,0
TXN001517,30,429,5.03,0,Tuesday,electronics,purchase,web,1,0,1,1,7,8.0,0.6287,122.53,0,0
TXN001518,56,306,40.68,13,Wednesday,digital_goods,purchase,mobile_app,0,1,0,1,5,55.8,0.729,3.75,0,0
TXN001519,35,409,77.01,3,Wednesday,grocery,purchase,mobile_app,0,1,1,0,2,58.0,1.3277,13.97,0,0
TXN001520,18,140,90.24,21,Wednesday,restaurant,transfer,mobile_app,0,1,1,0,6,59.88,1.5071,77.93,0,0
TXN001521,23,1909,23.47,4,Saturday,travel,transfer,web,0,1,1,0,7,29.14,0.8055,4.7,0,0
TXN001522,18,343,234.12,19,Friday,restaurant,transfer,mobile_app,1,1,0,1,3,124.29,1.8837,257.07,0,0
TXN001523,36,800,27.44,13,Thursday,restaurant,purchase,atm,0,1,0,1,4,30.54,0.8987,23.79,1,0
TXN001524,37,1074,38.09,0,Friday,electronics,purchase,mobile_app,1,0,1,1,3,57.57,0.6616,158.81,0,0
TXN001525,33,1633,71.59,17,Thursday,electronics,bill_payment,web,0,1,1,0,7,65.24,1.0973,24.95,0,0
TXN001526,53,821,52.39,21,Monday,digital_goods,bill_payment,web,1,1,1,0,7,146.57,0.3575,153.37,0,0
TXN001527,55,652,38.07,5,Monday,grocery,purchase,mobile_app,0,1,1,0,7,33.84,1.1247,24.34,0,0
TXN001528,37,846,8.33,23,Wednesday,restaurant,cash_withdrawal,pos,0,0,1,0,4,26.57,0.3134,13.49,1,0
TXN001529,18,330,6.56,19,Friday,grocery,purchase,atm,0,1,1,1,5,14.46,0.4539,25.56,1,0
TXN001530,47,354,28.91,17,Monday,electronics,purchase,pos,0,1,0,0,7,130.02,0.2224,6.3,1,0
TXN001531,46,641,48.3,8,Thursday,electronics,bill_payment,web,0,1,1,0,10,57.59,0.8385,27.47,0,0
TXN001532,43,90,178.6,2,Tuesday,fashion,bill_payment,web,0,1,1,0,7,58.92,3.0311,14.79,0,0
TXN001533,52,467,350.63,10,Friday,restaurant,bill_payment,mobile_app,0,1,1,1,4,401.03,0.8743,13.58,0,0
TXN001534,24,553,81.24,19,Monday,electronics,purchase,web,1,0,1,0,4,53.73,1.5119,101.95,0,0
TXN001535,65,2533,86.14,14,Thursday,digital_goods,purchase,web,0,1,1,0,3,16.65,5.1741,17.54,0,0
TXN001536,27,1772,46.99,15,Monday,grocery,transfer,web,0,1,1,0,9,36.93,1.2724,2.29,0,0
TXN001537,49,1072,11.56,18,Wednesday,fashion,cash_withdrawal,mobile_app,0,1,1,0,9,21.08,0.5483,33.63,0,0
TXN001538,18,1410,19.36,8,Monday,electronics,purchase,mobile_app,0,1,1,0,9,31.98,0.6054,39.64,0,0
TXN001539,27,352,30.28,0,Thursday,digital_goods,purchase,mobile_app,0,1,1,0,5,31.82,0.9517,104.8,0,0
TXN001540,59,862,16.8,21,Saturday,grocery,purchase,mobile_app,0,1,1,1,5,27.86,0.6031,27.34,0,0
TXN001541,36,1296,9.92,14,Monday,restaurant,purchase,web,0,1,1,2,6,15.59,0.6365,16.23,0,0
TXN001542,50,355,258.78,13,Saturday,fuel,transfer,pos,0,1,1,0,8,133.83,1.9336,34.06,1,0
TXN001543,42,220,105.0,13,Friday,fuel,purchase,mobile_app,1,1,1,0,5,52.73,1.9914,76.38,0,0
TXN001544,38,995,10.51,20,Thursday,digital_goods,purchase,mobile_app,0,1,1,0,5,36.15,0.2906,13.53,0,0
TXN001545,57,244,38.72,18,Friday,grocery,purchase,mobile_app,0,1,1,0,11,73.37,0.5278,36.98,0,1
TXN001546,36,1140,40.65,16,Wednesday,restaurant,purchase,mobile_app,0,1,1,1,9,59.69,0.6811,18.72,0,0
TXN001547,18,1615,75.93,18,Friday,digital_goods,purchase,atm,0,1,1,0,5,51.86,1.4643,3.14,1,0
TXN001548,29,364,150.84,6,Saturday,digital_goods,purchase,mobile_app,0,1,1,0,5,69.63,2.1663,17.41,0,0
TXN001549,46,389,311.64,17,Saturday,restaurant,cash_withdrawal,pos,1,1,1,0,3,46.83,6.6553,142.25,1,0
TXN001550,44,1583,46.87,23,Tuesday,restaurant,purchase,pos,0,1,1,0,8,68.89,0.6803,18.04,1,0
TXN001551,19,824,51.57,5,Friday,fashion,cash_withdrawal,web,0,1,1,0,7,73.13,0.7052,3.75,1,0
TXN001552,30,1447,69.47,13,Tuesday,fashion,purchase,pos,0,1,1,1,5,47.81,1.4532,0.8,1,0
TXN001553,31,659,21.12,16,Thursday,digital_goods,purchase,atm,0,0,1,0,4,36.28,0.5821,42.57,1,0
TXN001554,34,697,109.99,12,Monday,digital_goods,purchase,pos,0,1,1,1,4,127.98,0.8594,38.99,1,0
TXN001555,21,808,21.27,23,Tuesday,restaurant,cash_withdrawal,mobile_app,0,1,1,0,10,30.14,0.7055,12.12,0,0
TXN001556,31,2210,8.12,9,Friday,fuel,purchase,pos,0,1,0,0,5,56.36,0.1441,11.63,1,0
TXN001557,30,1373,59.55,5,Sunday,restaurant,purchase,mobile_app,0,1,1,0,3,57.28,1.0395,16.47,0,0
TXN001558,49,454,22.87,3,Monday,grocery,purchase,mobile_app,0,1,1,0,5,27.42,0.8342,44.33,1,0
TXN001559,50,907,56.47,20,Thursday,digital_goods,purchase,pos,0,1,1,0,6,23.77,2.3757,25.48,1,0
TXN001560,37,624,31.47,16,Friday,fuel,purchase,mobile_app,0,1,0,0,9,32.96,0.955,61.51,0,0
TXN001561,34,538,11.5,13,Sunday,grocery,purchase,mobile_app,0,1,0,0,4,29.83,0.3854,24.93,0,0
TXN001562,41,1118,11.76,10,Friday,fuel,purchase,mobile_app,1,1,1,0,4,14.88,0.7899,142.42,0,0
TXN001563,28,967,5.61,9,Monday,electronics,purchase,mobile_app,1,0,1,0,4,26.6,0.2111,125.65,0,0
TXN001564,24,368,20.49,22,Tuesday,grocery,cash_withdrawal,mobile_app,0,1,1,0,3,51.51,0.3978,34.66,0,0
TXN001565,27,810,159.02,16,Friday,fuel,purchase,web,0,1,1,0,3,105.79,1.5032,72.98,0,0
TXN001566,31,525,50.45,23,Tuesday,fashion,transfer,web,1,0,1,1,6,63.38,0.7961,253.54,0,1
TXN001567,24,1070,14.79,19,Sunday,restaurant,purchase,pos,0,1,1,2,8,8.0,1.8482,50.44,1,0
TXN001568,41,507,15.57,18,Sunday,grocery,purchase,mobile_app,1,1,1,0,6,67.47,0.2308,150.65,0,0
TXN001569,48,700,22.73,13,Sunday,fuel,cash_withdrawal,pos,0,1,1,0,7,28.45,0.7989,28.98,1,0
TXN001570,18,550,39.8,5,Wednesday,grocery,purchase,web,0,1,1,0,7,58.92,0.6755,79.17,0,0
TXN001571,39,164,79.68,15,Friday,healthcare,bill_payment,pos,0,1,1,2,5,42.09,1.8931,7.83,1,0
TXN001572,36,2140,57.15,17,Friday,electronics,bill_payment,pos,1,1,1,1,3,37.01,1.544,392.68,1,0
TXN001573,43,803,59.67,12,Monday,digital_goods,transfer,pos,0,1,1,0,7,39.5,1.5105,14.06,1,0
TXN001574,39,2188,120.74,0,Tuesday,grocery,purchase,mobile_app,0,1,1,1,6,41.84,2.8858,22.09,0,0
TXN001575,20,830,81.69,23,Tuesday,grocery,transfer,web,0,1,0,2,7,111.94,0.7298,4.54,1,1
TXN001576,23,1257,104.28,19,Wednesday,restaurant,cash_withdrawal,pos,1,0,1,0,5,41.92,2.4875,361.91,1,0
TXN001577,39,479,41.67,8,Sunday,fashion,transfer,atm,0,1,1,1,6,92.91,0.4485,11.69,1,0
TXN001578,52,488,36.54,11,Saturday,healthcare,purchase,mobile_app,1,0,1,0,3,83.66,0.4368,87.8,0,0
TXN001579,18,771,112.42,2,Wednesday,restaurant,transfer,web,0,1,1,0,2,68.74,1.6355,54.04,0,0
TXN001580,43,2175,3.78,22,Thursday,travel,cash_withdrawal,pos,0,0,1,0,3,11.75,0.3219,10.37,0,0
TXN001581,54,379,136.51,5,Tuesday,grocery,purchase,mobile_app,0,1,1,0,4,95.01,1.4368,95.81,1,0
TXN001582,37,125,31.29,9,Tuesday,fuel,bill_payment,atm,0,1,1,0,8,30.58,1.0232,25.65,1,0
TXN001583,46,1560,146.5,10,Monday,travel,cash_withdrawal,pos,0,1,1,2,6,71.19,2.058,1.33,0,1
TXN001584,30,1309,19.24,6,Friday,digital_goods,transfer,web,0,1,1,0,7,21.11,0.9114,50.51,0,0
TXN001585,37,574,17.94,15,Friday,restaurant,purchase,mobile_app,0,1,1,0,4,18.12,0.9904,0.75,0,0
TXN001586,18,2722,242.18,23,Saturday,fashion,purchase,web,0,1,1,0,4,176.44,1.3726,6.09,0,0
TXN001587,18,2797,12.6,20,Sunday,digital_goods,cash_withdrawal,web,0,1,1,0,7,21.35,0.5903,30.68,0,0
TXN001588,51,152,55.52,12,Tuesday,grocery,purchase,web,0,1,0,1,7,97.05,0.5721,17.97,0,0
TXN001589,26,470,61.98,3,Saturday,restaurant,transfer,atm,0,1,1,2,9,46.31,1.3386,38.78,1,0
TXN001590,33,767,29.27,20,Monday,digital_goods,cash_withdrawal,web,1,0,1,2,6,31.42,0.9314,90.59,1,1
TXN001591,21,1050,29.21,6,Wednesday,restaurant,purchase,pos,0,1,1,0,9,41.17,0.7094,12.51,0,0
TXN001592,21,944,14.93,21,Thursday,restaurant,cash_withdrawal,pos,0,1,1,0,5,16.66,0.8962,14.77,1,0
TXN001593,37,801,126.24,9,Monday,digital_goods,purchase,pos,0,1,1,1,7,42.1,2.9984,32.19,1,0
TXN001594,30,332,13.48,12,Tuesday,electronics,transfer,web,0,1,1,0,2,19.5,0.6914,39.65,0,0
TXN001595,44,1142,21.66,10,Tuesday,digital_goods,transfer,mobile_app,0,1,1,0,7,31.99,0.6772,6.52,0,0
TXN001596,45,1186,23.03,10,Monday,travel,purchase,atm,0,1,1,0,9,82.78,0.2782,55.99,1,0
TXN001597,43,1488,47.11,3,Sunday,fuel,purchase,mobile_app,0,1,1,0,6,51.06,0.9227,92.11,0,0
TXN001598,42,292,22.33,13,Wednesday,travel,purchase,web,0,1,0,0,5,14.63,1.5265,21.46,0,0
TXN001599,60,680,136.34,9,Thursday,restaurant,purchase,mobile_app,1,0,1,1,7,78.5,1.7368,133.61,0,1
TXN001600,25,553,43.5,20,Sunday,grocery,transfer,web,1,0,1,0,3,42.3,1.0283,198.84,1,0
TXN001601,38,287,54.48,11,Friday,grocery,purchase,atm,0,1,1,0,5,28.78,1.8931,48.79,0,0
TXN001602,54,672,117.22,23,Wednesday,restaurant,purchase,web,0,1,1,3,5,72.79,1.6104,0.82,0,0
TXN001603,55,346,79.91,7,Sunday,travel,purchase,web,0,1,1,0,6,37.7,2.1198,69.22,0,0
TXN001604,21,245,35.5,7,Tuesday,fuel,cash_withdrawal,mobile_app,0,1,0,0,6,18.37,1.9323,63.46,0,0
TXN001605,35,1320,473.81,0,Tuesday,grocery,transfer,mobile_app,0,1,1,0,7,160.84,2.9458,5.9,1,0
TXN001606,57,572,35.35,17,Thursday,grocery,purchase,web,0,1,1,0,5,42.0,0.8418,10.09,0,0
TXN001607,46,452,14.67,1,Thursday,electronics,purchase,pos,0,1,1,0,3,40.1,0.3659,18.65,1,0
TXN001608,42,1730,48.73,6,Saturday,restaurant,purchase,pos,0,1,0,0,4,31.76,1.534,44.57,0,0
TXN001609,36,1210,165.93,21,Monday,electronics,purchase,pos,0,1,1,0,5,99.44,1.6686,3.94,1,0
TXN001610,34,111,85.84,14,Friday,grocery,purchase,mobile_app,0,1,1,0,2,29.14,2.9458,13.18,0,0
TXN001611,43,1055,33.45,13,Friday,fuel,transfer,mobile_app,0,1,1,1,5,13.98,2.393,35.38,0,0
TXN001612,36,1052,100.69,19,Sunday,fashion,purchase,web,0,1,1,0,5,26.08,3.8603,5.27,0,0
TXN001613,38,651,164.28,18,Tuesday,fuel,purchase,atm,0,1,1,0,7,110.53,1.4863,19.92,1,0
TXN001614,40,633,86.82,21,Tuesday,electronics,purchase,atm,0,1,0,0,11,77.41,1.1216,23.55,1,0
TXN001615,30,184,12.42,15,Sunday,digital_goods,transfer,pos,0,1,1,1,4,35.39,0.3509,7.57,1,0
TXN001616,46,2702,135.72,10,Friday,fuel,purchase,web,0,1,1,0,7,114.29,1.1875,22.52,0,0
TXN001617,77,670,46.56,3,Monday,fuel,purchase,web,0,1,1,1,5,72.86,0.639,24.31,0,0
TXN001618,18,1016,38.87,8,Monday,electronics,transfer,pos,0,1,1,0,4,35.09,1.1077,11.55,1,0
TXN001619,43,698,37.33,16,Saturday,electronics,purchase,mobile_app,0,1,0,0,4,37.73,0.9893,3.3,0,0
TXN001620,29,458,72.01,6,Friday,restaurant,transfer,pos,0,1,1,0,5,53.9,1.336,2.88,1,0
TXN001621,47,1389,20.72,16,Friday,electronics,transfer,atm,0,1,0,0,3,23.36,0.8869,33.36,1,0
TXN001622,40,888,79.56,3,Sunday,fuel,transfer,mobile_app,0,1,0,1,3,42.66,1.8649,33.28,0,0
TXN001623,49,674,7.11,1,Tuesday,electronics,purchase,pos,0,1,1,0,4,53.1,0.1339,15.56,1,0
TXN001624,54,1009,13.77,8,Tuesday,grocery,purchase,pos,0,1,1,0,5,12.62,1.0907,18.37,0,0
TXN001625,42,746,83.89,5,Friday,grocery,transfer,pos,0,1,1,0,7,37.1,2.261,13.43,1,0
TXN001626,54,2284,124.99,20,Sunday,grocery,purchase,mobile_app,0,1,1,0,8,34.19,3.6562,57.73,0,0
TXN001627,18,1357,143.63,9,Tuesday,restaurant,purchase,mobile_app,0,1,1,1,6,89.14,1.6113,13.7,0,0
TXN001628,60,1124,36.06,10,Friday,grocery,purchase,atm,0,1,1,1,5,11.27,3.1999,81.3,1,0
TXN001629,44,207,34.71,9,Tuesday,restaurant,purchase,mobile_app,0,1,1,0,10,32.31,1.0743,9.32,0,0
TXN001630,53,1150,28.65,7,Tuesday,electronics,cash_withdrawal,mobile_app,1,1,1,0,5,30.06,0.9532,135.29,0,0
TXN001631,23,1131,118.21,22,Sunday,restaurant,bill_payment,web,0,1,1,0,1,84.88,1.3926,5.29,0,0
TXN001632,28,352,39.11,17,Monday,healthcare,cash_withdrawal,mobile_app,0,1,1,0,7,41.21,0.949,29.11,0,0
TXN001633,41,202,83.92,3,Monday,digital_goods,purchase,atm,0,1,1,0,8,154.96,0.5416,4.47,1,0
TXN001634,39,1321,44.96,5,Saturday,fuel,bill_payment,web,0,1,1,2,4,68.5,0.6564,11.69,0,0
TXN001635,43,1432,13.52,1,Wednesday,restaurant,cash_withdrawal,mobile_app,0,0,1,0,9,31.65,0.4271,48.3,0,0
TXN001636,53,491,70.32,6,Wednesday,fashion,purchase,web,0,1,1,0,6,50.53,1.3916,4.72,0,0
TXN001637,18,473,31.6,15,Saturday,healthcare,cash_withdrawal,mobile_app,1,0,1,0,7,32.95,0.9591,165.65,0,0
TXN001638,52,877,57.94,22,Tuesday,restaurant,purchase,mobile_app,1,0,1,0,6,78.95,0.7339,140.42,0,0
TXN001639,39,570,10.31,11,Friday,grocery,purchase,web,0,1,1,1,10,16.29,0.6325,41.7,0,0
TXN001640,36,198,32.16,1,Wednesday,fashion,purchase,web,0,1,1,1,3,23.5,1.3684,41.61,0,0
TXN001641,20,348,98.5,1,Monday,grocery,purchase,mobile_app,0,1,1,0,4,59.03,1.6685,70.07,0,0
TXN001642,46,991,43.32,9,Friday,fashion,purchase,atm,0,1,1,2,5,102.78,0.4215,29.2,1,0
TXN001643,18,365,3.28,6,Wednesday,grocery,purchase,mobile_app,0,1,1,0,3,8.71,0.3764,11.65,0,0
TXN001644,47,1479,216.34,13,Saturday,grocery,purchase,web,0,1,1,0,5,114.39,1.8913,35.47,0,0
TXN001645,20,1119,13.59,2,Sunday,fashion,purchase,mobile_app,0,1,1,0,4,38.44,0.3534,20.12,0,0
TXN001646,40,1018,15.45,5,Saturday,fuel,purchase,atm,0,1,0,1,8,10.95,1.4108,60.24,1,1
TXN001647,37,864,24.38,13,Wednesday,restaurant,cash_withdrawal,web,0,1,1,1,3,8.0,3.0471,21.31,0,0
TXN001648,54,441,43.15,6,Tuesday,digital_goods,transfer,mobile_app,0,1,1,0,3,14.14,3.0522,43.98,0,0
TXN001649,37,1224,67.84,8,Sunday,digital_goods,purchase,atm,0,1,1,0,8,41.92,1.6181,7.75,1,0
TXN001650,30,431,64.26,5,Thursday,restaurant,transfer,pos,0,1,1,1,4,40.55,1.5846,19.59,1,0
TXN001651,32,1534,322.88,1,Friday,healthcare,purchase,mobile_app,0,1,1,0,6,67.08,4.8133,20.19,0,0
TXN001652,56,2059,5.07,8,Saturday,travel,purchase,web,0,1,1,1,8,28.63,0.1771,60.48,0,1
TXN001653,46,884,13.04,7,Tuesday,grocery,purchase,pos,0,1,1,1,6,19.15,0.6809,41.22,1,0
TXN001654,34,1886,55.34,21,Monday,digital_goods,purchase,mobile_app,0,1,1,1,7,31.58,1.7523,7.85,0,0
TXN001655,36,352,32.5,21,Friday,restaurant,purchase,pos,0,1,0,0,5,43.56,0.7461,22.12,1,0
TXN001656,19,1127,116.61,10,Friday,digital_goods,transfer,web,0,1,1,0,4,50.21,2.3225,15.42,0,0
TXN001657,44,787,22.28,6,Tuesday,grocery,transfer,atm,0,1,1,0,5,24.09,0.9247,41.95,1,0
TXN001658,18,1336,85.11,10,Friday,grocery,bill_payment,pos,0,1,1,0,5,81.37,1.0459,45.71,1,0
TXN001659,49,118,21.22,14,Saturday,grocery,bill_payment,pos,0,1,1,0,5,27.18,0.7805,55.96,1,0
TXN001660,41,1283,14.84,9,Wednesday,fuel,purchase,web,0,1,0,0,3,22.73,0.653,45.23,0,0
TXN001661,70,476,18.46,18,Tuesday,digital_goods,purchase,atm,0,1,1,0,3,28.77,0.6415,9.48,1,0
TXN001662,25,815,106.6,23,Saturday,restaurant,purchase,mobile_app,0,1,1,1,2,92.19,1.1563,20.18,0,0
TXN001663,38,2673,21.05,9,Saturday,grocery,purchase,mobile_app,0,1,1,0,11,38.64,0.5446,48.79,0,0
TXN001664,62,1153,48.73,2,Sunday,travel,transfer,pos,0,1,1,1,9,25.79,1.8895,63.46,1,0
TXN001665,54,1052,126.11,2,Tuesday,travel,purchase,web,0,1,1,1,3,82.83,1.5225,4.95,0,0
TXN001666,30,994,417.53,20,Sunday,fuel,purchase,pos,0,1,1,0,3,198.9,2.0992,34.68,1,0
TXN001667,42,1640,20.87,9,Saturday,fuel,purchase,mobile_app,0,1,1,1,3,49.45,0.422,20.89,0,0
TXN001668,39,1366,28.93,7,Friday,grocery,transfer,mobile_app,0,1,1,0,7,103.38,0.2798,27.48,0,0
TXN001669,43,1002,85.03,14,Wednesday,restaurant,purchase,mobile_app,0,1,0,0,4,89.66,0.9484,41.24,0,0
TXN001670,30,918,210.83,22,Monday,fuel,cash_withdrawal,web,0,1,0,0,4,27.49,7.6686,22.81,0,0
TXN001671,38,876,102.6,10,Thursday,electronics,purchase,mobile_app,0,1,1,0,3,43.34,2.3671,25.35,0,0
TXN001672,18,756,10.78,7,Wednesday,restaurant,purchase,mobile_app,0,1,0,1,5,16.89,0.6381,7.11,0,0
TXN001673,41,287,47.37,20,Wednesday,fuel,purchase,pos,0,1,0,0,6,36.69,1.2913,20.18,1,0
TXN001674,45,1136,43.51,1,Sunday,restaurant,transfer,pos,0,1,1,0,4,27.09,1.6062,19.06,1,0
TXN001675,36,514,11.3,20,Tuesday,grocery,transfer,pos,0,1,0,0,5,31.81,0.3551,18.18,1,1
TXN001676,18,691,63.19,12,Sunday,electronics,purchase,mobile_app,0,1,1,0,5,24.78,2.5501,17.8,0,0
TXN001677,52,1428,29.16,0,Thursday,fashion,purchase,mobile_app,0,1,1,0,6,34.58,0.8432,76.56,0,0
TXN001678,44,769,55.59,5,Saturday,electronics,purchase,atm,0,1,1,0,6,62.38,0.8911,40.71,1,0
TXN001679,30,726,37.75,16,Wednesday,digital_goods,purchase,mobile_app,0,1,1,0,6,39.02,0.9677,5.86,1,0
TXN001680,35,886,24.09,18,Friday,restaurant,purchase,web,0,1,0,2,7,11.11,2.1686,19.41,1,1
TXN001681,19,627,13.72,4,Thursday,restaurant,purchase,pos,0,1,1,0,6,24.85,0.5523,52.88,1,0
TXN001682,26,2637,3.96,15,Sunday,fashion,cash_withdrawal,mobile_app,0,1,1,0,7,14.24,0.2783,8.06,0,0
TXN001683,32,2410,60.84,23,Tuesday,travel,transfer,pos,0,1,1,0,5,50.69,1.2002,46.37,1,0
TXN001684,55,2370,13.34,16,Tuesday,electronics,cash_withdrawal,mobile_app,0,1,0,1,5,61.09,0.2184,9.84,0,1
TXN001685,31,996,39.17,16,Sunday,grocery,cash_withdrawal,mobile_app,0,1,1,0,3,51.15,0.7658,15.4,0,0
TXN001686,47,489,53.93,4,Monday,fuel,bill_payment,mobile_app,1,0,1,1,4,24.12,2.2357,88.14,0,0
TXN001687,32,1453,73.31,15,Friday,restaurant,bill_payment,pos,0,1,1,0,1,50.79,1.4433,22.8,1,0
TXN001688,42,630,61.07,17,Monday,digital_goods,purchase,web,0,1,1,0,12,30.31,2.0148,4.23,0,0
TXN001689,37,1538,27.86,2,Monday,restaurant,purchase,pos,0,1,0,0,3,18.74,1.4868,5.65,1,0
TXN001690,50,471,391.36,7,Friday,restaurant,purchase,mobile_app,0,1,0,0,7,72.54,5.3948,15.06,0,1
TXN001691,32,1046,47.72,21,Thursday,electronics,transfer,pos,0,0,1,0,6,76.63,0.6228,3.01,1,0
TXN001692,19,1681,106.68,23,Friday,grocery,purchase,web,0,1,1,0,6,84.2,1.267,13.68,0,0
TXN001693,21,657,19.04,4,Thursday,digital_goods,purchase,web,0,1,0,0,10,27.44,0.6939,27.69,0,0
TXN001694,32,655,188.3,17,Saturday,grocery,purchase,pos,1,0,1,0,4,99.4,1.8944,80.25,1,1
TXN001695,23,223,27.12,12,Sunday,digital_goods,purchase,pos,0,1,1,0,6,29.8,0.91,13.21,1,0
TXN001696,44,482,223.2,14,Tuesday,grocery,purchase,atm,0,1,1,1,5,68.07,3.2791,24.51,1,0
TXN001697,33,983,19.11,12,Wednesday,restaurant,transfer,mobile_app,0,1,1,1,4,29.43,0.6491,4.9,0,0
TXN001698,70,1088,94.81,20,Wednesday,grocery,purchase,pos,1,0,1,1,8,36.19,2.6199,65.04,1,0
TXN001699,18,1197,11.66,10,Saturday,fashion,transfer,mobile_app,0,1,1,0,6,8.0,1.458,20.38,0,0
TXN001700,42,148,31.79,14,Wednesday,electronics,purchase,pos,0,1,1,0,3,34.21,0.9293,9.31,1,0
TXN001701,24,632,63.82,16,Friday,restaurant,transfer,mobile_app,0,1,1,0,6,45.4,1.4057,57.1,0,0
TXN001702,33,249,36.34,13,Thursday,digital_goods,purchase,mobile_app,0,1,1,0,9,31.65,1.1481,6.9,0,0
TXN001703,41,949,185.07,21,Friday,fuel,purchase,mobile_app,1,0,1,0,2,150.57,1.2291,304.07,0,0
TXN001704,18,185,15.09,5,Saturday,grocery,bill_payment,web,0,1,1,0,5,18.41,0.8196,30.42,0,0
TXN001705,42,319,16.27,22,Thursday,fashion,bill_payment,web,0,1,1,0,7,28.34,0.574,7.02,0,0
TXN001706,64,1351,16.56,16,Thursday,restaurant,transfer,pos,0,1,0,0,4,22.16,0.7473,9.79,1,0
TXN001707,33,527,8.02,23,Tuesday,grocery,transfer,atm,0,1,1,0,5,28.33,0.2831,34.16,1,0
TXN001708,42,1897,155.84,8,Thursday,restaurant,purchase,mobile_app,0,1,1,0,4,89.36,1.744,43.62,0,0
TXN001709,52,1218,48.18,11,Tuesday,digital_goods,purchase,web,0,1,1,0,4,123.25,0.3909,28.27,0,0
TXN001710,37,660,20.88,1,Saturday,restaurant,purchase,pos,0,1,1,0,8,25.67,0.8133,34.02,1,0
TXN001711,31,1493,38.32,22,Wednesday,fashion,transfer,pos,1,1,0,1,3,25.27,1.5168,139.23,1,0
TXN001712,18,702,32.18,19,Monday,fashion,transfer,web,1,1,1,0,4,18.48,1.7408,130.18,0,0
TXN001713,47,1300,28.87,7,Tuesday,restaurant,bill_payment,pos,1,1,1,0,5,108.91,0.2651,100.08,1,0
TXN001714,38,463,84.86,1,Thursday,travel,transfer,mobile_app,0,1,1,0,3,95.31,0.8904,26.09,0,0
TXN001715,26,1550,52.18,16,Sunday,fashion,cash_withdrawal,atm,0,1,1,0,8,39.4,1.3245,49.84,1,0
TXN001716,41,202,15.37,16,Wednesday,travel,purchase,pos,1,0,1,1,6,15.56,0.9875,72.97,1,0
TXN001717,31,318,41.55,12,Tuesday,grocery,purchase,web,0,1,1,0,4,16.6,2.5036,0.4,0,0
TXN001718,32,367,25.31,3,Wednesday,travel,purchase,mobile_app,0,1,1,0,3,48.08,0.5264,41.64,0,0
TXN001719,47,503,13.74,22,Sunday,digital_goods,transfer,atm,0,1,0,0,7,63.15,0.2176,13.42,1,0
TXN001720,22,1007,16.38,10,Saturday,electronics,purchase,mobile_app,0,1,1,1,5,9.61,1.7048,13.08,0,0
TXN001721,53,799,21.8,17,Tuesday,electronics,transfer,mobile_app,0,1,1,1,5,33.74,0.6462,27.01,0,0
TXN001722,21,1310,36.56,20,Friday,grocery,cash_withdrawal,mobile_app,0,1,1,0,5,136.34,0.2682,6.69,0,0
TXN001723,30,1696,30.85,13,Saturday,grocery,purchase,pos,0,1,1,0,9,36.36,0.8486,30.47,1,0
TXN001724,64,181,286.73,2,Saturday,healthcare,transfer,mobile_app,0,1,1,0,7,124.28,2.3071,47.9,0,0
TXN001725,54,1830,25.99,21,Thursday,restaurant,purchase,web,0,1,1,0,6,67.85,0.3831,63.48,0,0
TXN001726,40,690,99.61,16,Saturday,fashion,cash_withdrawal,pos,0,1,1,0,5,19.48,5.1137,85.78,1,0
TXN001727,27,2341,17.92,21,Friday,fashion,purchase,pos,0,1,1,0,3,34.44,0.5203,27.77,1,0
TXN001728,32,447,39.25,14,Tuesday,travel,purchase,web,0,1,1,0,5,38.76,1.0127,11.61,0,0
TXN001729,40,131,8.47,21,Monday,fashion,purchase,web,0,1,1,0,7,21.42,0.3954,8.35,0,0
TXN001730,39,1228,20.73,20,Wednesday,healthcare,purchase,mobile_app,0,1,1,0,5,21.15,0.9802,97.61,0,0
TXN001731,38,1177,108.7,5,Monday,fashion,transfer,web,1,0,0,0,14,125.82,0.8639,204.03,0,1
TXN001732,39,326,6.85,4,Wednesday,fashion,bill_payment,mobile_app,0,1,1,0,7,21.04,0.3255,0.85,0,0
TXN001733,36,355,672.55,3,Saturday,restaurant,transfer,mobile_app,0,1,0,1,4,92.43,7.2761,9.36,0,1
TXN001734,20,1376,20.68,19,Saturday,digital_goods,purchase,mobile_app,0,1,1,0,3,31.05,0.6659,12.41,0,0
TXN001735,32,1041,27.81,5,Monday,grocery,bill_payment,web,1,1,1,0,3,41.74,0.6663,241.71,0,0
TXN001736,51,640,121.78,10,Monday,fashion,purchase,mobile_app,0,1,1,0,8,63.72,1.9112,66.67,0,0
TXN001737,21,1114,97.06,18,Friday,travel,purchase,mobile_app,0,1,1,2,8,27.63,3.5123,45.85,0,0
TXN001738,37,971,136.99,10,Thursday,restaurant,cash_withdrawal,pos,0,1,1,0,6,64.0,2.1405,35.38,1,0
TXN001739,28,388,3.9,1,Tuesday,digital_goods,transfer,mobile_app,0,1,1,0,5,9.74,0.4006,67.99,0,0
TXN001740,40,1444,64.75,8,Saturday,fuel,bill_payment,atm,0,1,1,1,5,58.36,1.1096,44.71,1,0
TXN001741,34,1264,2.0,2,Tuesday,grocery,transfer,web,1,1,1,0,4,8.0,0.25,167.97,0,0
TXN001742,58,812,65.75,9,Monday,fashion,purchase,web,0,1,1,0,4,36.11,1.8207,12.36,0,0
TXN001743,46,1376,23.05,17,Saturday,healthcare,purchase,mobile_app,0,1,1,0,5,78.65,0.2931,5.93,0,0
TXN001744,22,2527,35.51,12,Friday,fuel,purchase,mobile_app,0,1,1,1,7,66.56,0.5335,8.11,0,0
TXN001745,48,351,15.84,16,Wednesday,digital_goods,purchase,pos,0,0,0,1,4,16.7,0.949,19.06,1,0
TXN001746,29,662,24.0,2,Friday,digital_goods,purchase,web,0,1,1,0,3,18.32,1.3105,87.49,0,0
TXN001747,31,686,20.42,18,Sunday,digital_goods,purchase,mobile_app,0,1,1,1,7,25.9,0.7883,13.24,0,0
TXN001748,43,1356,138.08,10,Monday,travel,purchase,mobile_app,0,1,1,1,6,48.62,2.8398,8.4,0,0
TXN001749,33,498,15.76,6,Friday,restaurant,purchase,web,0,1,0,0,8,9.85,1.6012,120.82,0,0
TXN001750,51,1306,63.73,15,Tuesday,digital_goods,cash_withdrawal,mobile_app,0,1,1,0,7,42.12,1.5132,28.98,0,0
TXN001751,29,546,20.89,3,Thursday,digital_goods,purchase,web,0,0,1,1,6,53.21,0.3925,14.78,0,0
TXN001752,31,317,112.14,11,Thursday,grocery,purchase,web,0,1,1,0,5,34.68,3.2334,4.98,0,0
TXN001753,30,847,33.12,10,Wednesday,grocery,cash_withdrawal,web,0,1,1,1,6,62.07,0.5335,4.35,0,0
TXN001754,32,537,166.02,3,Tuesday,travel,cash_withdrawal,pos,0,1,0,1,5,49.95,3.3235,49.23,1,0
TXN001755,53,907,117.45,22,Saturday,fashion,purchase,web,0,1,1,1,4,28.79,4.0795,1.73,0,0
TXN001756,47,1063,14.51,8,Wednesday,digital_goods,purchase,pos,0,1,0,0,7,10.55,1.3759,21.28,1,0
TXN001757,61,195,93.61,0,Sunday,fuel,bill_payment,web,1,0,1,1,6,46.81,1.9998,246.27,0,1
TXN001758,68,586,2.21,10,Wednesday,grocery,transfer,web,0,1,1,0,3,21.41,0.1033,13.0,0,0
TXN001759,26,847,23.18,23,Saturday,electronics,purchase,atm,0,1,1,0,2,28.04,0.8266,28.96,1,0
TXN001760,40,1380,126.28,16,Thursday,digital_goods,purchase,web,0,1,0,0,4,60.04,2.1034,10.58,0,1
TXN001761,24,1270,218.36,15,Wednesday,travel,purchase,mobile_app,0,1,1,1,6,117.98,1.8509,89.96,0,0
TXN001762,29,416,16.35,21,Friday,grocery,purchase,pos,0,0,1,0,9,41.37,0.3953,32.06,1,0
TXN001763,31,712,48.79,2,Saturday,electronics,purchase,pos,0,1,1,0,9,63.37,0.7699,63.69,1,0
TXN001764,25,1100,2.3,13,Thursday,digital_goods,bill_payment,mobile_app,0,1,1,0,2,15.03,0.1532,23.43,0,0
TXN001765,25,676,64.98,7,Thursday,restaurant,purchase,web,0,1,1,1,5,50.74,1.2806,28.54,0,0
TXN001766,37,449,9.98,16,Friday,grocery,purchase,pos,0,1,1,0,9,40.73,0.2451,35.7,1,0
TXN001767,23,777,221.18,20,Friday,electronics,transfer,pos,0,1,1,1,4,103.03,2.1467,18.75,1,0
TXN001768,50,1031,64.23,1,Thursday,healthcare,purchase,web,1,0,1,0,10,28.81,2.229,102.94,0,1
TXN001769,27,383,24.15,3,Saturday,restaurant,cash_withdrawal,mobile_app,0,1,1,1,4,35.73,0.676,21.65,0,0
TXN001770,76,1182,126.17,22,Wednesday,restaurant,purchase,atm,0,1,1,0,6,91.14,1.3845,39.02,1,0
TXN001771,33,883,32.38,11,Thursday,grocery,purchase,mobile_app,0,1,1,0,5,39.79,0.8136,65.87,1,0
TXN001772,40,1211,21.67,7,Friday,electronics,purchase,atm,1,0,1,0,4,19.14,1.1322,143.02,1,0
TXN001773,22,764,111.18,3,Sunday,digital_goods,bill_payment,web,0,1,1,0,7,266.98,0.4164,12.35,0,0
TXN001774,61,2289,29.13,8,Tuesday,fashion,purchase,atm,0,1,1,0,7,19.56,1.4891,61.94,1,0
TXN001775,54,1017,11.84,0,Tuesday,restaurant,transfer,mobile_app,0,1,1,0,4,40.59,0.2918,35.66,0,0
TXN001776,43,1303,13.9,5,Tuesday,digital_goods,purchase,web,0,1,1,0,8,54.58,0.2547,15.63,0,0
TXN001777,21,1179,44.92,4,Friday,travel,transfer,web,0,1,0,0,8,51.56,0.8713,10.3,0,0
TXN001778,42,705,30.3,2,Thursday,digital_goods,purchase,mobile_app,0,1,1,0,2,37.09,0.817,0.2,0,0
TXN001779,24,956,43.08,23,Wednesday,grocery,cash_withdrawal,mobile_app,0,1,0,1,5,37.22,1.1573,23.59,0,1
TXN001780,58,508,21.4,18,Tuesday,travel,purchase,mobile_app,0,1,1,1,6,35.9,0.5959,22.26,0,0
TXN001781,50,2185,70.4,22,Sunday,digital_goods,purchase,pos,0,1,1,0,6,19.04,3.6977,9.08,1,0
TXN001782,40,1095,213.53,5,Thursday,digital_goods,purchase,web,1,0,0,0,7,199.97,1.0678,55.96,0,1
TXN001783,18,428,40.82,6,Friday,fashion,purchase,atm,0,1,0,0,6,36.29,1.1249,10.18,1,0
TXN001784,26,1876,71.65,6,Monday,fuel,transfer,web,0,1,1,0,8,65.35,1.0964,21.02,0,0
TXN001785,48,731,65.44,13,Monday,digital_goods,purchase,pos,0,1,0,0,4,33.42,1.9583,50.01,1,0
TXN001786,55,1425,47.43,4,Monday,fashion,purchase,web,0,1,0,1,3,32.94,1.4401,18.57,1,0
TXN001787,53,189,40.06,5,Wednesday,electronics,transfer,mobile_app,0,1,1,0,6,30.63,1.3077,14.73,0,0
TXN001788,18,1661,22.51,23,Thursday,restaurant,purchase,mobile_app,0,1,1,0,2,13.93,1.6159,6.44,0,0
TXN001789,43,1065,9.69,8,Tuesday,fuel,purchase,mobile_app,0,1,1,0,5,37.88,0.2557,1.68,0,0
TXN001790,52,401,8.33,18,Wednesday,fuel,transfer,pos,0,1,1,2,6,31.72,0.2628,6.66,1,0
TXN001791,18,1052,89.01,5,Monday,digital_goods,cash_withdrawal,atm,1,1,1,0,7,98.84,0.9005,82.94,1,0
TXN001792,39,2048,14.82,22,Wednesday,restaurant,purchase,pos,0,1,1,1,5,17.96,0.825,11.34,1,0
TXN001793,43,520,40.52,16,Monday,grocery,purchase,atm,0,1,1,1,4,28.06,1.4441,27.35,1,0
TXN001794,35,514,21.49,20,Monday,electronics,purchase,pos,0,1,0,1,6,22.27,0.965,24.35,1,1
TXN001795,18,697,173.74,12,Monday,digital_goods,purchase,pos,0,1,1,1,3,120.14,1.4462,6.9,1,0
TXN001796,35,841,8.82,21,Friday,grocery,transfer,atm,0,1,1,0,5,22.74,0.388,27.51,1,0
TXN001797,35,1486,60.17,8,Sunday,digital_goods,bill_payment,mobile_app,0,1,1,1,9,63.74,0.9439,9.52,0,0
TXN001798,37,1105,30.97,11,Friday,grocery,purchase,mobile_app,0,1,1,1,5,85.5,0.3622,19.33,0,0
TXN001799,32,697,48.1,1,Monday,travel,purchase,web,0,1,1,0,3,38.27,1.2568,6.41,0,0
TXN001800,33,984,3.88,4,Sunday,digital_goods,cash_withdrawal,pos,0,1,1,0,8,15.78,0.246,27.4,1,0
TXN001801,38,2260,19.46,18,Sunday,restaurant,purchase,web,0,1,0,0,7,15.92,1.2224,10.79,0,0
TXN001802,45,1234,26.08,7,Thursday,digital_goods,transfer,mobile_app,0,1,1,0,7,78.97,0.3303,61.94,0,0
TXN001803,35,752,12.38,2,Monday,grocery,purchase,atm,0,1,1,1,9,17.16,0.7217,11.61,1,0
TXN001804,34,682,102.17,7,Saturday,restaurant,purchase,web,0,1,1,0,3,56.39,1.8118,5.78,0,0
TXN001805,40,945,51.73,8,Sunday,fuel,cash_withdrawal,mobile_app,0,1,1,0,5,46.17,1.1204,11.34,0,0
TXN001806,18,1474,16.23,17,Saturday,digital_goods,bill_payment,pos,0,0,1,0,6,55.79,0.2909,8.56,0,0
TXN001807,45,464,35.0,2,Friday,grocery,purchase,web,0,1,1,0,5,59.71,0.5862,1.22,0,0
TXN001808,39,1346,7.01,0,Friday,travel,transfer,mobile_app,0,1,1,1,7,21.71,0.3227,66.82,0,0
TXN001809,40,741,5.91,17,Sunday,fuel,purchase,mobile_app,0,1,0,0,5,21.07,0.2808,32.59,0,0
TXN001810,51,821,73.66,3,Monday,healthcare,purchase,web,0,1,1,1,7,71.15,1.0353,24.42,0,0
TXN001811,18,3402,38.49,10,Tuesday,digital_goods,purchase,web,0,1,1,0,6,27.03,1.4239,16.5,0,0
TXN001812,18,1258,10.45,16,Saturday,digital_goods,purchase,mobile_app,0,0,1,0,6,8.0,1.3063,6.45,0,0
TXN001813,43,550,99.58,12,Tuesday,restaurant,cash_withdrawal,web,0,1,1,1,10,67.84,1.468,2.48,0,0
TXN001814,39,1062,19.02,2,Wednesday,restaurant,purchase,atm,0,1,1,0,7,20.16,0.9431,19.1,0,0
TXN001815,41,1522,46.5,17,Wednesday,digital_goods,purchase,mobile_app,0,1,1,0,3,59.52,0.7813,21.22,0,0
TXN001816,33,1267,50.92,1,Tuesday,digital_goods,purchase,web,0,1,1,0,6,115.91,0.4393,15.4,0,0
TXN001817,48,108,29.82,5,Monday,digital_goods,transfer,web,0,1,1,0,5,43.04,0.6929,93.0,0,0
TXN001818,51,797,32.0,2,Friday,digital_goods,bill_payment,mobile_app,0,1,1,0,7,87.09,0.3674,1.15,0,0
TXN001819,45,1094,24.59,12,Wednesday,digital_goods,purchase,mobile_app,0,1,1,0,10,47.5,0.5176,17.58,0,0
TXN001820,36,1035,135.23,16,Thursday,grocery,purchase,mobile_app,0,1,1,1,1,133.35,1.0141,1.26,0,0
TXN001821,18,584,17.3,15,Wednesday,electronics,bill_payment,web,1,0,1,0,7,19.79,0.8739,142.4,0,0
TXN001822,49,1281,365.29,3,Sunday,healthcare,purchase,pos,0,0,1,1,5,42.27,8.6417,13.14,1,1
TXN001823,55,1665,24.92,8,Friday,restaurant,transfer,web,0,1,1,0,4,69.04,0.361,3.37,0,0
TXN001824,47,201,32.23,3,Sunday,grocery,purchase,pos,0,1,0,1,3,37.07,0.8693,7.61,1,0
TXN001825,28,183,33.27,8,Wednesday,restaurant,transfer,mobile_app,0,1,0,0,8,97.48,0.3413,15.37,0,0
TXN001826,48,1056,22.41,5,Monday,fuel,purchase,atm,0,1,1,1,8,31.15,0.7195,16.44,1,0
TXN001827,50,1351,139.78,17,Saturday,digital_goods,purchase,web,0,1,1,0,10,188.66,0.7409,10.25,0,0
TXN001828,59,521,342.51,18,Saturday,digital_goods,purchase,pos,0,1,1,0,4,195.97,1.7477,55.33,1,0
TXN001829,28,115,35.85,19,Monday,grocery,purchase,pos,0,1,1,0,8,52.1,0.6881,43.51,0,0
TXN001830,36,807,52.46,4,Friday,restaurant,purchase,web,0,1,1,0,7,63.3,0.8288,5.3,0,0
TXN001831,49,1046,69.98,0,Friday,grocery,bill_payment,web,1,1,1,0,4,100.28,0.6978,191.47,1,0
TXN001832,40,657,6.27,0,Tuesday,digital_goods,purchase,pos,0,1,0,0,8,18.09,0.3469,8.61,1,0
TXN001833,24,1546,9.83,20,Thursday,grocery,purchase,pos,0,1,1,0,7,16.53,0.5948,25.19,1,0
TXN001834,44,1004,75.92,21,Tuesday,fuel,purchase,pos,0,1,1,1,7,105.07,0.7225,13.38,1,0
TXN001835,47,479,51.96,5,Monday,fuel,purchase,mobile_app,0,1,0,0,4,51.79,1.0032,22.38,0,0
TXN001836,40,518,51.39,21,Saturday,fuel,purchase,mobile_app,0,1,1,0,4,36.12,1.4225,44.7,0,0
TXN001837,42,819,34.44,12,Thursday,restaurant,purchase,web,0,1,0,0,7,42.86,0.8034,7.44,0,0
TXN001838,36,624,6.35,4,Saturday,fashion,transfer,atm,0,1,1,0,7,8.0,0.7933,1.91,1,0
TXN001839,58,172,10.21,7,Saturday,fuel,transfer,mobile_app,0,1,1,0,5,37.07,0.2756,29.26,0,0
TXN001840,27,946,34.69,6,Sunday,grocery,purchase,mobile_app,0,1,1,0,5,24.72,1.403,7.33,0,0
TXN001841,31,529,47.46,18,Thursday,travel,transfer,web,0,1,1,0,5,82.35,0.5763,27.64,0,0
TXN001842,39,599,141.79,4,Thursday,restaurant,purchase,mobile_app,0,1,1,0,4,87.04,1.6289,24.11,0,0
TXN001843,50,348,158.07,4,Wednesday,travel,purchase,atm,0,1,1,0,5,64.41,2.4543,48.63,1,0
TXN001844,20,2081,46.97,17,Friday,fashion,bill_payment,mobile_app,0,1,1,1,6,56.53,0.8309,26.04,0,0
TXN001845,22,1209,6.59,7,Thursday,electronics,transfer,pos,0,1,1,1,5,14.47,0.4553,20.25,1,0
TXN001846,18,2406,61.14,6,Saturday,digital_goods,purchase,mobile_app,0,1,1,0,3,65.06,0.9399,19.14,0,0
TXN001847,39,654,81.8,19,Wednesday,grocery,purchase,web,0,1,0,1,3,66.9,1.2227,75.6,0,0
TXN001848,24,1255,78.99,22,Monday,fashion,purchase,web,0,0,1,1,4,104.22,0.7579,22.59,0,0
TXN001849,34,957,123.84,13,Saturday,grocery,purchase,mobile_app,1,1,1,1,6,195.41,0.6337,146.76,0,0
TXN001850,48,494,17.94,19,Saturday,restaurant,cash_withdrawal,web,0,1,1,0,6,12.57,1.4272,11.42,0,0
TXN001851,31,649,43.75,20,Wednesday,travel,purchase,pos,1,1,1,0,1,32.15,1.361,84.35,0,0
TXN001852,42,1208,18.47,14,Friday,fuel,transfer,web,1,0,1,0,5,24.92,0.7413,170.31,0,0
TXN001853,35,348,13.92,19,Thursday,electronics,cash_withdrawal,mobile_app,0,1,0,0,7,48.14,0.2891,34.05,0,0
TXN001854,48,1556,56.73,0,Saturday,fashion,purchase,atm,0,1,1,1,9,42.93,1.3213,58.74,1,0
TXN001855,45,904,19.67,0,Wednesday,fuel,transfer,mobile_app,0,1,1,1,6,35.93,0.5475,36.11,0,0
TXN001856,30,1427,98.91,21,Thursday,healthcare,cash_withdrawal,web,0,1,0,0,7,89.11,1.11,3.79,0,0
TXN001857,37,1049,20.41,3,Monday,fashion,purchase,web,1,1,1,0,3,19.24,1.0606,352.31,0,0
TXN001858,53,202,4.91,17,Tuesday,fuel,purchase,web,0,1,1,1,4,20.09,0.2441,24.58,0,0
TXN001859,44,798,20.51,10,Saturday,digital_goods,transfer,mobile_app,1,0,0,0,8,20.34,1.0084,365.69,0,1
TXN001860,21,1578,45.2,18,Wednesday,electronics,bill_payment,mobile_app,0,1,1,0,5,32.8,1.3778,58.48,0,0
TXN001861,48,895,26.42,15,Monday,fuel,purchase,mobile_app,0,1,1,0,5,17.56,1.5049,3.05,1,0
TXN001862,25,812,42.5,1,Tuesday,travel,cash_withdrawal,web,0,1,1,1,5,41.06,1.0351,19.65,0,0
TXN001863,57,894,8.65,8,Wednesday,fashion,transfer,atm,0,1,1,0,4,37.74,0.2291,9.78,1,0
TXN001864,52,158,57.58,17,Friday,grocery,bill_payment,atm,0,1,0,2,6,24.14,2.3857,8.24,1,0
TXN001865,43,1683,102.01,22,Wednesday,restaurant,purchase,mobile_app,0,1,1,1,4,79.77,1.2788,27.34,1,0
TXN001866,41,85,16.29,19,Saturday,fuel,purchase,mobile_app,0,1,1,0,10,40.74,0.4,41.38,0,0
TXN001867,36,1907,49.3,21,Saturday,restaurant,transfer,atm,1,0,1,0,7,91.39,0.5395,28.57,1,0
TXN001868,48,620,41.51,22,Wednesday,electronics,purchase,web,0,0,1,0,6,36.95,1.1235,4.25,0,0
TXN001869,34,1098,64.85,21,Saturday,restaurant,purchase,pos,0,1,0,0,6,41.79,1.5518,21.72,1,0
TXN001870,42,145,18.98,13,Monday,digital_goods,purchase,mobile_app,0,1,1,0,5,28.35,0.6694,36.26,0,0
TXN001871,50,1341,72.92,8,Wednesday,electronics,purchase,mobile_app,0,1,0,0,5,42.31,1.7235,47.27,0,0
TXN001872,32,1196,18.58,12,Monday,travel,cash_withdrawal,mobile_app,0,1,1,1,12,71.01,0.2616,72.97,0,0
TXN001873,31,1149,14.2,19,Monday,healthcare,purchase,atm,0,1,1,0,8,31.62,0.4491,66.27,1,0
TXN001874,23,138,13.29,10,Monday,digital_goods,transfer,web,0,1,1,0,6,61.76,0.2152,30.92,0,0
TXN001875,25,443,11.81,19,Monday,grocery,purchase,mobile_app,0,1,1,3,7,23.68,0.4985,35.79,0,0
TXN001876,18,1052,206.92,16,Saturday,restaurant,transfer,mobile_app,0,1,1,0,2,73.44,2.8174,45.12,0,0
TXN001877,48,1654,117.22,5,Thursday,grocery,purchase,atm,0,1,1,0,9,28.01,4.1855,4.54,1,1
TXN001878,63,391,88.42,22,Sunday,healthcare,purchase,mobile_app,0,1,1,0,5,78.51,1.1263,18.35,0,0
TXN001879,58,400,26.69,20,Thursday,restaurant,bill_payment,atm,0,1,1,1,7,44.43,0.6007,58.52,1,0
TXN001880,18,1006,103.08,14,Friday,restaurant,transfer,mobile_app,0,1,1,0,6,127.11,0.8109,8.13,0,0
TXN001881,48,3216,24.78,4,Tuesday,electronics,purchase,mobile_app,0,1,1,0,9,18.52,1.3375,3.07,0,0
TXN001882,57,501,4.53,5,Thursday,restaurant,purchase,mobile_app,0,1,1,1,7,14.69,0.3087,8.43,1,0
TXN001883,33,615,17.19,20,Wednesday,grocery,purchase,pos,0,1,1,2,3,27.28,0.6299,11.28,1,0
TXN001884,40,549,41.94,0,Sunday,fashion,bill_payment,mobile_app,0,1,1,1,9,15.69,2.6728,21.85,0,0
TXN001885,18,742,7.04,11,Sunday,restaurant,purchase,mobile_app,1,1,1,0,7,15.71,0.448,101.24,0,0
TXN001886,42,1737,36.9,14,Tuesday,restaurant,bill_payment,pos,0,1,1,0,5,66.52,0.5547,46.26,1,0
TXN001887,25,771,40.71,5,Friday,digital_goods,purchase,mobile_app,0,1,1,0,6,42.39,0.9603,31.73,0,0
TXN001888,42,3408,35.11,20,Friday,grocery,cash_withdrawal,mobile_app,0,1,1,0,6,30.1,1.1663,61.96,1,0
TXN001889,19,873,19.52,12,Friday,grocery,purchase,mobile_app,0,1,0,1,4,32.18,0.6065,10.77,0,0
TXN001890,46,1844,27.81,1,Monday,restaurant,purchase,atm,0,1,1,0,4,27.66,1.0054,10.43,1,0
TXN001891,52,650,205.61,7,Friday,fashion,bill_payment,web,0,1,0,0,3,139.53,1.4736,5.87,0,0
TXN001892,29,288,97.78,9,Saturday,grocery,purchase,pos,0,1,1,0,8,25.04,3.905,20.01,1,0
TXN001893,24,770,14.26,5,Wednesday,fashion,bill_payment,pos,0,1,1,0,5,16.41,0.8686,9.42,1,0
TXN001894,18,1160,69.65,22,Thursday,restaurant,purchase,web,0,1,1,1,14,75.43,0.9234,49.53,0,0
TXN001895,36,446,104.0,8,Monday,restaurant,purchase,mobile_app,0,1,1,1,4,36.4,2.857,4.26,0,0
TXN001896,31,1663,118.22,12,Sunday,restaurant,bill_payment,pos,0,1,0,0,4,184.55,0.6406,59.04,1,0
TXN001897,19,569,10.67,12,Monday,grocery,cash_withdrawal,pos,0,1,1,0,12,29.11,0.3666,7.92,1,0
TXN001898,45,349,89.06,5,Tuesday,electronics,purchase,pos,1,0,1,1,8,78.19,1.139,182.76,1,0
TXN001899,33,3014,191.34,13,Wednesday,fashion,purchase,mobile_app,0,1,1,0,4,92.68,2.0644,11.26,0,0
TXN001900,25,427,36.04,8,Saturday,restaurant,purchase,atm,1,0,1,1,4,29.21,1.2336,319.48,1,0
TXN001901,32,556,22.09,0,Friday,restaurant,transfer,atm,0,1,1,1,2,24.91,0.8871,22.09,0,0
TXN001902,53,1288,24.31,9,Monday,healthcare,purchase,pos,1,0,1,1,4,72.51,0.3353,57.58,1,0
TXN001903,47,633,58.67,14,Tuesday,grocery,purchase,mobile_app,1,0,1,0,5,64.32,0.9121,63.69,0,0
TXN001904,37,359,35.6,2,Saturday,restaurant,purchase,pos,0,1,1,1,5,15.4,2.3114,16.03,1,0
TXN001905,47,515,7.38,18,Wednesday,travel,cash_withdrawal,atm,0,1,0,1,8,18.87,0.3912,55.76,1,0
TXN001906,24,2506,6.38,15,Monday,grocery,bill_payment,pos,0,1,1,0,7,8.0,0.7975,19.22,1,0
TXN001907,39,1188,46.98,7,Sunday,healthcare,transfer,atm,0,1,0,1,7,65.28,0.7197,10.4,1,0
TXN001908,41,1346,20.27,14,Tuesday,healthcare,purchase,pos,0,1,1,0,3,35.22,0.5756,3.92,1,0
TXN001909,33,973,43.02,7,Thursday,electronics,purchase,mobile_app,0,1,0,0,5,37.84,1.1371,8.77,0,0
TXN001910,45,1088,16.47,15,Tuesday,healthcare,purchase,mobile_app,0,1,1,0,5,12.58,1.3089,62.65,0,0
TXN001911,29,598,25.05,3,Saturday,grocery,transfer,mobile_app,0,1,1,0,10,19.29,1.2991,33.2,0,0
TXN001912,46,891,14.19,14,Saturday,healthcare,purchase,pos,1,1,1,0,8,30.14,0.4708,128.03,1,0
TXN001913,46,125,7.62,1,Wednesday,digital_goods,purchase,mobile_app,0,1,1,2,4,26.2,0.2908,15.05,0,1
TXN001914,18,1513,53.18,0,Friday,electronics,purchase,atm,0,1,1,1,5,46.29,1.149,13.84,1,0
TXN001915,54,594,42.77,6,Sunday,fuel,bill_payment,pos,0,1,1,0,6,64.72,0.6608,41.07,1,0
TXN001916,18,311,778.76,4,Saturday,fashion,purchase,pos,0,1,0,0,7,217.92,3.5736,50.61,1,0
TXN001917,31,927,154.85,11,Wednesday,electronics,purchase,atm,0,1,1,1,6,41.91,3.6945,12.41,1,0
TXN001918,52,704,378.56,3,Thursday,travel,transfer,pos,1,0,1,0,8,94.93,3.988,76.61,0,1
TXN001919,35,1479,11.31,5,Sunday,fuel,bill_payment,mobile_app,1,0,0,0,6,23.39,0.4834,232.26,0,1
TXN001920,20,782,18.25,2,Monday,grocery,purchase,web,0,1,1,0,5,12.73,1.4333,3.5,0,0
TXN001921,25,506,58.76,21,Monday,grocery,transfer,web,0,1,1,1,9,32.99,1.7808,27.17,0,0
TXN001922,52,796,22.1,17,Tuesday,electronics,cash_withdrawal,pos,0,1,1,0,5,13.46,1.6422,20.86,1,0
TXN001923,18,1979,31.67,5,Saturday,fashion,purchase,mobile_app,0,1,1,0,5,42.97,0.737,4.51,1,0
TXN001924,54,1511,57.92,2,Tuesday,travel,purchase,mobile_app,0,1,1,0,6,24.24,2.3893,38.15,0,0
TXN001925,38,1186,9.91,20,Wednesday,restaurant,cash_withdrawal,atm,0,1,1,0,8,10.41,0.9516,6.58,1,0
TXN001926,23,1553,154.81,16,Friday,grocery,cash_withdrawal,web,0,1,1,1,9,148.4,1.0431,10.78,0,0
TXN001927,31,1247,9.08,21,Tuesday,grocery,purchase,pos,0,1,1,0,4,28.87,0.3144,151.33,1,0
TXN001928,26,402,19.79,4,Wednesday,fuel,purchase,web,0,1,0,1,4,13.08,1.5132,9.99,0,0
TXN001929,50,1353,64.02,8,Thursday,grocery,cash_withdrawal,pos,0,1,1,0,9,81.18,0.7886,15.54,1,0
TXN001930,49,1672,33.45,2,Tuesday,fuel,purchase,web,0,1,1,0,8,25.16,1.3293,93.85,0,0
TXN001931,18,1733,105.03,10,Sunday,restaurant,cash_withdrawal,pos,0,1,1,0,8,93.22,1.1267,66.21,1,0
TXN001932,34,334,27.17,3,Tuesday,fuel,cash_withdrawal,atm,0,1,1,1,4,25.08,1.0836,0.96,1,0
TXN001933,28,558,26.51,0,Saturday,travel,purchase,mobile_app,0,1,0,1,5,28.81,0.9204,135.74,0,1
TXN001934,56,496,91.34,12,Thursday,digital_goods,purchase,mobile_app,0,0,1,0,5,54.5,1.6759,82.26,0,0
TXN001935,21,645,53.73,23,Monday,grocery,purchase,pos,0,1,1,0,5,65.18,0.8243,24.72,1,0
TXN001936,60,1104,24.67,15,Monday,digital_goods,purchase,mobile_app,1,1,1,0,6,73.94,0.3336,122.04,0,1
TXN001937,39,911,57.11,18,Thursday,electronics,purchase,atm,0,1,1,0,2,39.86,1.4328,61.76,1,0
TXN001938,24,911,33.05,19,Wednesday,grocery,cash_withdrawal,mobile_app,0,1,1,0,6,62.22,0.5313,41.07,1,0
TXN001939,30,261,26.67,23,Tuesday,restaurant,transfer,pos,0,1,1,0,7,72.74,0.3666,103.36,1,0
TXN001940,29,542,22.39,3,Sunday,electronics,purchase,mobile_app,0,1,1,0,8,49.13,0.4557,95.55,0,0
TXN001941,22,1815,44.76,6,Thursday,restaurant,cash_withdrawal,web,0,1,1,0,7,38.37,1.1665,21.26,0,0
TXN001942,40,1668,13.33,14,Sunday,digital_goods,purchase,web,0,1,1,0,5,15.02,0.8874,25.21,0,0
TXN001943,23,773,13.41,19,Tuesday,fashion,transfer,mobile_app,0,1,1,0,5,65.46,0.2048,7.55,0,0
TXN001944,18,1355,31.63,18,Tuesday,fuel,purchase,web,0,1,0,0,8,43.83,0.7216,8.62,0,0
TXN001945,34,1038,69.69,17,Friday,healthcare,purchase,pos,0,1,1,1,7,31.57,2.2075,18.52,1,0
TXN001946,18,1453,73.34,7,Tuesday,restaurant,purchase,atm,0,1,0,1,7,106.7,0.6873,37.84,1,0
TXN001947,29,1394,12.84,8,Tuesday,grocery,purchase,pos,0,1,1,1,5,15.21,0.8444,102.18,1,0
TXN001948,27,817,279.96,1,Monday,digital_goods,bill_payment,pos,0,1,1,0,6,138.89,2.0157,8.94,1,0
TXN001949,28,1190,70.58,7,Monday,electronics,purchase,atm,0,1,1,1,4,41.84,1.6867,19.53,1,1
TXN001950,65,1085,106.09,3,Saturday,grocery,purchase,web,0,1,1,2,7,53.44,1.9851,45.6,0,0
TXN001951,40,833,4.13,22,Wednesday,grocery,cash_withdrawal,pos,1,0,1,0,7,31.99,0.1292,63.96,1,0
TXN001952,42,711,42.43,2,Sunday,travel,purchase,web,0,1,1,0,5,12.8,3.3139,35.19,0,1
TXN001953,18,2294,57.84,8,Tuesday,travel,purchase,web,0,1,1,0,4,38.45,1.5041,23.04,0,0
TXN001954,30,833,302.86,21,Wednesday,electronics,purchase,pos,0,1,1,0,6,54.11,5.5972,5.17,1,0
TXN001955,42,1301,37.47,22,Wednesday,fuel,purchase,pos,0,1,1,0,6,69.19,0.5416,60.04,1,1
TXN001956,26,2185,9.85,9,Thursday,fashion,transfer,web,0,1,0,0,9,36.87,0.2672,35.93,0,0
TXN001957,51,1189,8.39,11,Sunday,healthcare,purchase,mobile_app,0,1,1,1,1,8.77,0.9562,12.04,0,0
TXN001958,23,1154,10.93,12,Saturday,grocery,purchase,web,0,1,1,0,7,14.01,0.7802,17.43,0,0
TXN001959,35,837,283.75,19,Monday,grocery,purchase,pos,0,1,0,0,5,186.32,1.5229,10.71,1,0
TXN001960,31,1098,39.94,18,Wednesday,fuel,transfer,mobile_app,0,1,1,0,5,19.36,2.0626,39.93,0,0
TXN001961,41,668,106.13,12,Saturday,grocery,transfer,pos,0,1,1,0,5,118.8,0.8933,2.64,1,0
TXN001962,31,3680,17.36,8,Monday,travel,purchase,web,0,1,1,0,5,21.7,0.7999,10.21,0,0
TXN001963,35,266,51.68,8,Thursday,fuel,cash_withdrawal,mobile_app,0,1,1,0,9,37.29,1.3859,15.2,0,0
TXN001964,36,743,52.75,15,Tuesday,fashion,purchase,atm,0,1,1,0,7,66.7,0.7909,15.45,1,0
TXN001965,29,1202,17.54,20,Wednesday,electronics,purchase,mobile_app,1,1,0,0,5,23.56,0.7447,104.3,0,0
TXN001966,45,1155,268.58,1,Thursday,fuel,transfer,pos,0,1,1,1,7,133.81,2.0072,22.57,1,0
TXN001967,42,667,105.8,18,Wednesday,fuel,transfer,mobile_app,0,1,1,0,7,44.9,2.3562,2.7,0,0
TXN001968,38,185,123.01,11,Sunday,digital_goods,purchase,pos,0,1,1,0,7,59.25,2.076,40.6,1,0
TXN001969,33,307,29.55,3,Thursday,electronics,transfer,mobile_app,0,1,1,0,6,35.07,0.8427,77.51,0,0
TXN001970,49,955,13.92,2,Sunday,fashion,cash_withdrawal,pos,0,1,1,0,3,68.33,0.2038,29.19,1,0
TXN001971,36,134,113.3,8,Saturday,fashion,transfer,pos,0,1,1,0,6,132.52,0.855,7.01,1,0
TXN001972,35,1258,21.32,5,Wednesday,electronics,transfer,mobile_app,0,0,1,0,8,38.69,0.5512,37.41,0,0
TXN001973,40,1758,127.99,2,Thursday,fuel,purchase,pos,0,1,1,0,6,147.73,0.8664,15.69,1,0
TXN001974,61,1407,16.06,7,Wednesday,fuel,bill_payment,web,0,1,1,0,5,27.38,0.5867,29.15,0,0
TXN001975,22,1590,69.08,20,Saturday,electronics,purchase,web,0,1,0,1,3,73.71,0.9371,23.48,0,0
TXN001976,49,140,27.22,17,Tuesday,restaurant,purchase,pos,0,1,1,0,7,60.47,0.4501,44.68,1,0
TXN001977,18,687,7.45,5,Sunday,restaurant,purchase,pos,0,1,1,0,5,19.7,0.3783,28.73,1,0
TXN001978,42,377,113.78,16,Friday,fashion,transfer,atm,0,1,1,1,7,49.6,2.2941,14.36,1,0
TXN001979,59,217,20.23,10,Friday,grocery,purchase,pos,0,1,1,0,5,42.75,0.4732,9.61,1,0
TXN001980,45,585,21.89,17,Thursday,restaurant,purchase,mobile_app,0,1,1,0,8,23.0,0.9515,16.67,1,0
TXN001981,41,2151,104.06,5,Thursday,grocery,transfer,mobile_app,0,1,1,0,5,55.02,1.8913,49.78,0,0
TXN001982,32,2525,86.8,1,Friday,fuel,purchase,mobile_app,0,1,1,0,7,47.24,1.8373,16.16,0,0
TXN001983,39,419,68.04,7,Friday,fuel,purchase,mobile_app,0,1,1,0,6,40.36,1.6859,34.48,0,0
TXN001984,36,875,47.88,23,Tuesday,restaurant,purchase,web,1,1,1,0,3,40.47,1.183,70.04,0,0
TXN001985,29,1088,63.85,13,Friday,restaurant,cash_withdrawal,mobile_app,0,1,1,0,3,39.85,1.602,18.3,0,0
TXN001986,35,690,83.42,1,Wednesday,electronics,purchase,web,0,0,1,1,4,32.63,2.5565,16.93,0,0
TXN001987,42,1838,60.75,23,Friday,electronics,purchase,mobile_app,0,1,1,0,4,47.03,1.2918,20.46,0,0
TXN001988,29,592,6.78,19,Thursday,fashion,purchase,mobile_app,0,1,1,0,7,26.75,0.2534,3.2,0,0
TXN001989,29,519,187.23,13,Tuesday,grocery,bill_payment,pos,0,1,1,1,6,287.98,0.6502,31.95,1,0
TXN001990,21,437,24.21,17,Saturday,fashion,transfer,mobile_app,0,1,1,0,6,15.41,1.5705,12.99,0,0
TXN001991,44,687,16.9,4,Thursday,fuel,purchase,atm,0,1,1,0,6,27.91,0.6056,26.05,1,0
TXN001992,46,49,90.23,14,Thursday,digital_goods,transfer,pos,0,1,1,0,6,29.54,3.0541,11.74,1,0
TXN001993,42,711,167.95,21,Friday,electronics,transfer,web,0,1,0,0,6,184.78,0.9089,66.26,0,0
TXN001994,52,913,16.62,10,Friday,restaurant,cash_withdrawal,pos,0,1,1,0,4,16.44,1.0114,36.47,1,0
TXN001995,40,954,123.53,0,Saturday,grocery,purchase,pos,0,1,1,0,9,57.78,2.1379,0.69,1,0
TXN001996,44,358,42.4,18,Tuesday,digital_goods,purchase,mobile_app,0,1,1,1,10,50.85,0.8339,19.02,0,0
TXN001997,43,941,58.39,17,Monday,fuel,cash_withdrawal,atm,0,1,1,0,6,54.07,1.08,44.98,1,0
TXN001998,38,928,188.21,17,Friday,fuel,purchase,mobile_app,0,1,1,0,9,103.56,1.8173,113.16,0,0
TXN001999,32,942,33.63,15,Tuesday,fashion,purchase,web,0,1,1,0,4,102.04,0.3295,4.88,0,0
TXN002000,68,1424,23.81,3,Monday,electronics,purchase,atm,1,0,1,0,9,30.73,0.7746,83.1,1,0
